Component Report,,,,,,,,
Total Components:  1166,,,,,,,,
REFDES,COMP_DEVICE_TYPE,COMP_VALUE,COMP_TOL,COMP_PACKAGE,SYM_X,SYM_Y,SYM_ROTATE,SYM_MIRROR
C1,CC_C1206_47UF,47uF,,C1206,2019.66,2460.58,270,YES
C2,CC_C0805_10UF,10uF,,C0805,1929.06,2433.52,270,YES
C3,CC_C1206_47UF,47uF,,C1206,1926.24,1347.25,270,YES
C4,CC_C0201_100NF,100nF,,C0201,-567,1248,90,NO
C5,CC_C0805_10UF,10uF,,C0805,1842.04,1331.38,270,YES
C6,CC_C1206_1NF,1nF,,C1206,1824.5,274.23,270,YES
C7,CC_C0201_100NF,100nF,,C0201,1811.14,2488.67,0,YES
C8,CC_C1210_100UF,100uF,,C1210,1775.82,811.77,180,YES
C9,CC_C1206_47UF,47uF,,C1206,1760.95,2062.45,0,YES
C10,CC_C1206_47UF,47uF,,C1206,1752.22,2732.96,0,YES
C11,CC_C0402_100NF,100nF,,C0402,1743.08,695.64,270,YES
C12,CC_C0805_10UF,10uF,,C0805,1735.98,2148.16,0,YES
C13,CC_C0805_10UF,10uF,,C0805,1725.27,2646.2,0,YES
C14,CC_C1206_47UF,47uF,,C1206,1714.63,1625.46,0,YES
C15,CC_C0603_2.2UF,2.2uF,,C0603,1701.01,2521.65,90,YES
C16,CC_C1206_47UF,47uF,,C1206,1686.68,957.58,0,YES
C17,CC_C0805_10UF,10uF,,C0805,1656.49,1046.02,0,YES
C18,CC_C0805_10UF,10uF,,C0805,1640.54,1542.03,0,YES
C19,CC_C0402_1UF,1uF,,C0402,1633,844,270,YES
C20,CC_C0603_2.2UF,2.2uF,,C0603,1618.33,1414.16,90,YES
C21,CC_C0805_10UF,10uF,,C0805,1813,480,90,YES
C22,CC_C0805_10UF,10uF,,C0805,1584.73,2146.33,180,YES
C23,CC_C0805_10UF,10uF,,C0805,1581.96,2646.03,180,YES
C24,CC_C1206_47UF,47uF,,C1206,1561.01,2062.13,180,YES
C25,CC_C0603_2.2UF,2.2uF,,C0603,1552.01,2502.69,180,YES
C26,CC_C0603_2.2UF,2.2uF,,C0603,1552.01,2417.13,180,YES
C27,CC_C0603_2.2UF,2.2uF,,C0603,1552.01,2359.69,180,YES
C28,CC_C0603_2.2UF,2.2uF,,C0603,1552.01,2303.69,180,YES
C29,CC_C0603_2.2UF,2.2uF,,C0603,1552.01,2244.69,180,YES
C30,CC_C1206_47UF,47uF,,C1206,1551.01,2730.62,180,YES
C31,CC_C0201_100NF,100nF,,C0201,1549.01,2460.13,180,YES
C32,CC_C1206_47UF,47uF,,C1206,1509.21,1628.39,180,YES
C33,CC_C0805_10UF,10uF,,C0805,1502.03,1046.87,180,YES
C34,CC_C0805_10UF,10uF,,C0805,1500.54,1542.03,180,YES
C35,CC_C1206_47UF,47uF,,C1206,1487.6,959.1,180,YES
C36,CC_C0402_100NF,100nF,,C0402,1481,699,270,YES
C37,CC_C0805_22UF,22uF,,C0805,1455.15,1852.47,270,YES
C38,CC_C0201_100NF,100nF,,C0201,1453.03,1243.18,180,YES
C39,CC_C0603_2.2UF,2.2uF,,C0603,1452.03,1406.18,180,YES
C40,CC_C0603_2.2UF,2.2uF,,C0603,1452.03,1348.18,180,YES
C41,CC_C0603_2.2UF,2.2uF,,C0603,1452.03,1288.18,180,YES
C42,CC_C0603_2.2UF,2.2uF,,C0603,1452.03,1196.18,180,YES
C43,CC_C0603_2.2UF,2.2uF,,C0603,1452.03,1136.87,180,YES
C44,CC_C1210_100UF,100uF,,C1210,1400,810,0,YES
C45,CC_C0805_22UF,22uF,,C0805,1312.06,1890.02,90,YES
C46,CC_C1206_47UF,47uF,,C1206,1244,967,270,YES
C47,CC_C0805_22UF,22uF,,C0805,1230.18,1890.14,90,YES
C48,CC_C0201_100NF,100nF,,C0201,1188.5,2697.22,270,YES
C49,CC_C0201_10NF,10nF,,C0201,1165.17,1955.25,90,YES
C50,CC_C0201_10NF,10nF,,C0201,1163.17,2029.25,90,YES
C51,CC_C0201_100NF,100nF,,C0201,1157.5,2697.78,90,YES
C52,CC_C0805_10UF,10uF,,C0805,1153.83,2275.75,270,YES
C53,CC_C0805_10UF,10uF,,C0805,1153.17,2129.77,90,YES
C54,CC_C0201_100NF,100nF,,C0201,1144.17,1891.25,270,YES
C55,CC_C0201_10NF,10nF,,C0201,1142.17,1783.25,90,YES
C56,CC_C0201_10NF,10nF,,C0201,1128.17,2029.25,90,YES
C57,CC_C0201_10NF,10nF,,C0201,1090.85,2221.69,270,YES
C58,CC_C0201_10NF,10nF,,C0201,1088.17,2119.25,90,YES
C59,CC_C0201_10NF,10nF,,C0201,1088.17,1894.25,270,YES
C60,CC_C0201_10NF,10nF,,C0201,1088.17,1794.25,90,YES
C61,CC_C0201_10NF,10nF,,C0201,1078.17,1684.25,0,YES
C62,CC_C1206_47UF,47uF,,C1206,1040.58,2500.69,270,YES
C63,CC_C0201_100NF,100nF,,C0201,1029.75,2784.19,180,YES
C64,CC_C0201_100NF,100nF,,C0201,1028.17,2384.25,0,YES
C65,CC_C0201_10NF,10nF,,C0201,1028.17,2324.25,0,YES
C66,CC_C0402_1UF,1uF,,C0402,1026.36,2817.78,180,YES
C67,CC_C0201_100NF,100nF,,C0201,1008.93,2644.25,90,YES
C68,CC_C0603_2.2UF,2.2uF,,C0603,998.65,2736.16,180,YES
C69,CC_C0201_10NF,10nF,,C0201,978.17,1719.25,180,YES
C70,CC_C0201_10NF,10nF,,C0201,973.17,1634.25,0,YES
C71,CC_C1206_47UF,47uF,,C1206,953.08,2500.53,270,YES
C72,CC_C0201_100NF,100nF,,C0201,945,2690,0,YES
C73,CC_C0201_10NF,10nF,,C0201,928.17,2324.25,0,YES
C74,CC_C1206_47UF,47uF,,C1206,912.28,1508.15,180,YES
C75,CC_C1206_47UF,47uF,,C1206,912.28,1415.84,180,YES
C76,CC_C0201_100NF,100nF,,C0201,909,2631,270,YES
C77,CC_C0201_10NF,10nF,,C0201,903.17,2384.25,0,YES
C78,CC_C0201_100NF,100nF,,C0201,879,2631,270,YES
C79,CC_C0201_10NF,10nF,,C0201,878.17,1634.25,0,YES
C80,CC_C1206_47UF,47uF,,C1206,865.21,2500.59,270,YES
C81,CC_C0201_100NF,100nF,,C0201,850,2740,270,YES
C82,CC_C0201_10NF,10nF,,C0201,818.17,2324.25,180,YES
C83,CC_C0201_100NF,100nF,,C0201,809.91,2688.48,180,YES
C84,CC_C0201_100NF,100nF,,C0201,799.72,2741.86,270,YES
C85,CC_C0201_10NF,10nF,,C0201,793.17,1634.25,0,YES
C86,CC_EMIFIL_3P_EMIFIL_0603_3P_10U,10uF,,EMIFIL_0603_3P,782,1478,90,YES
C87,CC_C0805_22UF,22uF,,C0805,781.47,2606.32,270,YES
C88,CC_C0402_0.015UF,0.015uF,,C0402,780.28,615.24,0,YES
C89,CC_C0201_10NF,10nF,,C0201,778.17,2384.25,0,YES
C90,CC_C0201_10NF,10nF,,C0201,773.17,1689.25,0,YES
C91,CC_C0402_330PF,330pF,,C0402,760.76,670.28,90,YES
C92,CC_C0402_100NF,100nF,,C0402,760.41,969.67,180,YES
C93,CC_C0603_2.2UF,2.2uF,,C0603,733.87,2732.53,270,YES
C94,CC_C0402_1UF,1uF,,C0402,722.34,2603.77,270,YES
C95,CC_EMIFIL_3P_EMIFIL_0603_3P_10U,10uF,,EMIFIL_0603_3P,707,1478,90,YES
C96,CC_C0603_120NF,120nF,,C0603,705.76,665.28,90,YES
C97,CC_C0201_10NF,10nF,,C0201,703.17,1634.25,0,YES
C98,CC_C0201_10NF,10nF,,C0201,693.17,2384.25,0,YES
C99,CC_C0201_10NF,10nF,,C0201,648.17,2134.25,90,YES
C100,CC_C0201_10NF,10nF,,C0201,648.17,1829.25,90,YES
C101,CC_C0201_220NF,220nF,,C0201,647.5,678.51,90,YES
C102,CC_C0402_470NF,470nF,,C0402,647,1482,90,YES
C103,CC_C0201_10NF,10nF,,C0201,643.17,1939.25,90,YES
C104,CC_C0402_470NF,470nF,,C0402,607.6,1483,90,YES
C105,CC_C1206_47UF,47uF,,C1206,593.69,2664.42,180,YES
C106,CC_C0201_100NF,100nF,,C0201,592.14,774.34,270,YES
C107,CC_C0402_470NF,470nF,,C0402,548,1482,90,YES
C108,CC_EMIFIL_3P_EMIFIL_0402_3P_1UF,1uF,,EMIFIL_0402_3P,496.2,1480.7,90,YES
C109,CC_C0805_22UF,22uF,,C0805,346.87,1431.41,180,YES
C110,CC_EMIFIL_3P_EMIFIL_0402_3P_1UF,1uF,,EMIFIL_0402_3P,330.28,2495.38,90,YES
C111,CC_C0201_100NF,100nF,,C0201,-237.17,1668.75,0,YES
C112,CC_C0402_1UF,1uF,,C0402,324.33,1493.4,180,YES
C113,CC_C0603_4.7UF,4.7uF,,C0603,300.51,2754.57,180,YES
C114,CC_C0402_1UF,1uF,,C0402,295.51,2704.57,180,YES
C115,CC_C0201_100NF,100nF,,C0201,236.17,1792.25,270,YES
C116,CC_C0201_100NF,100nF,,C0201,233.25,2191.83,90,YES
C117,CC_EMIFIL_3P_EMIFIL_0402_3P_1UF,1uF,,EMIFIL_0402_3P,231.6,1562.7,90,YES
C118,CC_C0201_100NF,100nF,,C0201,165.91,2858.07,270,YES
C119,CC_C0201_220NF,220nF,,C0201,147.12,1628.58,90,YES
C120,CC_C0805_22UF,22uF,,C0805,120,1471,0,YES
C121,CC_C0201_220NF,220nF,,C0201,117.12,1628.58,90,YES
C122,CC_C0201_100NF,100nF,,C0201,109.37,2851.3,270,YES
C123,CC_C0201_100NF,100nF,,C0201,104,1572,180,YES
C124,CC_C0402_1UF,1uF,,C0402,91,1533,0,YES
C125,CC_C0201_220NF,220nF,,C0201,85.12,1679.08,90,YES
C126,CC_C0201_220NF,220nF,,C0201,55.12,1679.08,90,YES
C127,CC_C0201_100NF,100nF,,C0201,38.17,2009.25,0,YES
C128,CC_C0201_100NF,100nF,,C0201,38.17,1979.25,180,YES
C129,CC_C0201_220NF,220nF,,C0201,35.12,1625.58,90,YES
C130,CC_C0201_100NF,100nF,,C0201,33.17,2199.25,0,YES
C131,CC_C0201_100NF,100nF,,C0201,33.17,2104.25,180,YES
C132,CC_C0201_220NF,220nF,,C0201,19.11,2718.08,270,YES
C133,CC_C0201_100NF,100nF,,C0201,18.17,2239.25,270,YES
C134,CC_C0201_100NF,100nF,,C0201,18.17,2149.25,90,YES
C135,CC_C0201_220NF,220nF,,C0201,5.12,1625.58,90,YES
C136,CC_C0402_1UF,1uF,,C0402,4.17,2308.25,315,YES
C137,CC_C0201_100NF,100nF,,C0201,3.17,2449.25,0,YES
C138,CC_C0201_100NF,100nF,,C0201,3.17,2419.25,180,YES
C139,CC_C0201_100NF,100nF,,C0201,3.17,2074.25,180,YES
C140,CC_C0201_100NF,100nF,,C0201,3.17,2039.25,0,YES
C141,CC_C0201_100NF,100nF,,C0201,3.17,1944.25,180,YES
C142,CT_AVX_C_150UF,150uF,,AVX_C,-6.54,736.27,270,YES
C143,CC_C0201_220NF,220nF,,C0201,-10.89,2718.08,270,YES
C144,CC_C0201_100NF,100nF,,C0201,-11.13,2370.97,270,YES
C145,CC_C0201_100NF,100nF,,C0201,-11.83,2184.25,90,YES
C146,CC_C0201_100NF,100nF,,C0201,-11.83,2119.25,90,YES
C147,CC_C0201_100NF,100nF,,C0201,-11.83,1994.25,90,YES
C148,CC_C0805_22UF,22uF,,C0805,-16.83,1530.25,180,YES
C149,CC_C0603_4.7UF,4.7uF,,C0603,-23,2818,270,YES
C150,CC_C0201_100NF,100nF,,C0201,-26.83,2229.25,180,YES
C151,CC_C0201_220NF,220nF,,C0201,-34.88,1679.08,90,YES
C152,CC_C0201_100NF,100nF,,C0201,-40.43,2182.75,270,YES
C153,CC_C0402_1UF,1uF,,C0402,-40.83,1587.25,180,YES
C154,CC_C0201_100NF,100nF,,C0201,-41.83,2401.25,270,YES
C155,CC_C0201_100NF,100nF,,C0201,-41.83,2339.25,270,YES
C156,CC_C0201_100NF,100nF,,C0201,-54.02,2143.47,315,YES
C157,CC_C0201_100NF,100nF,,C0201,38.76,563.98,180,YES
C158,CC_C0201_100NF,100nF,,C0201,-56.83,2074.25,180,YES
C159,CC_C0201_100NF,100nF,,C0201,-56.83,2009.25,180,YES
C160,CC_C0201_100NF,100nF,,C0201,-56.83,1978.25,0,YES
C161,CC_C0201_100NF,100nF,,C0201,-57.75,2481.85,0,YES
C162,CC_C0201_100NF,100nF,,C0201,-58.83,2292.25,180,YES
C163,CC_C0201_100NF,100nF,,C0201,-61.83,2039.25,0,YES
C164,CC_C0201_220NF,220nF,,C0201,-61.88,1679.08,90,YES
C165,CC_C0201_100NF,100nF,,C0201,-71.83,2369.25,270,YES
C166,CC_C0201_100NF,100nF,,C0201,-72.83,2182.25,90,YES
C167,CC_C0201_100NF,100nF,,C0201,-91.83,2324.25,180,YES
C168,CC_C0201_100NF,100nF,,C0201,-91.83,2211.25,225,YES
C169,CC_EMIFIL_3P_EMIFIL_0402_3P_1UF,1uF,,EMIFIL_0402_3P,-93.83,2254.25,45,YES
C170,CC_C0201_100NF,100nF,,C0201,-95.91,2428.95,45,YES
C171,CC_C0201_100NF,100nF,,C0201,-103.43,2084.87,270,YES
C172,CC_C0201_100NF,100nF,,C0201,-105.83,2373.25,90,YES
C173,CC_C0201_100NF,100nF,,C0201,-106.03,1994.63,270,YES
C174,CC_C0201_220NF,220nF,,C0201,-108.88,1700.58,90,YES
C175,CC_C0201_100NF,100nF,,C0201,-115.83,2281.25,45,YES
C176,CC_C0201_100NF,100nF,,C0201,-119.74,2135.42,0,YES
C177,CC_C0201_220NF,220nF,,C0201,-120.9,2711.08,270,YES
C178,CC_C0201_100NF,100nF,,C0201,-121.83,2039.25,0,YES
C179,CC_C0201_100NF,100nF,,C0201,-122.11,1945.75,180,YES
C180,CC_C0201_100NF,100nF,,C0201,-137.23,2183.85,90,YES
C181,CC_C0201_100NF,100nF,,C0201,-137.33,1993.63,90,YES
C182,CC_C0201_100NF,100nF,,C0201,-137.53,2083.65,270,YES
C183,CC_C0201_100NF,100nF,,C0201,-137.73,2404.35,90,YES
C184,CC_C0201_100NF,100nF,,C0201,-138.83,2242.25,270,YES
C185,CC_C0201_220NF,220nF,,C0201,-138.88,1700.58,90,YES
C186,CC_C0603_4.7UF,4.7uF,,C0603,-146.28,1575.7,180,YES
C187,CC_C0201_100NF,100nF,,C0201,-149.45,2355.95,0,YES
C188,CC_C0201_220NF,220nF,,C0201,-150.9,2711.08,270,YES
C189,CC_C0201_100NF,100nF,,C0201,-151.41,2323.95,180,YES
C190,CC_C0201_100NF,100nF,,C0201,-151.75,2480.95,0,YES
C191,CC_C0402_1UF,1uF,,C0402,-165.83,1628.25,180,YES
C192,CC_C0201_100NF,100nF,,C0201,-168.83,2119.25,90,YES
C193,CC_C0201_100NF,100nF,,C0201,-169.23,2435.13,90,YES
C194,CC_C0201_100NF,100nF,,C0201,-170.43,1993.17,270,YES
C195,CC_EMIFIL_3P_EMIFIL_0402_3P_1UF,1uF,,EMIFIL_0402_3P,-174.83,2255.25,90,YES
C196,CC_C0201_100NF,100nF,,C0201,-181.83,2199.25,180,YES
C197,CC_C0201_100NF,100nF,,C0201,-181.83,2169.25,0,YES
C198,CC_C0201_100NF,100nF,,C0201,-181.83,2039.25,0,YES
C199,CC_C0201_100NF,100nF,,C0201,-184.91,2072.45,180,YES
C200,CC_C0402_1UF,1uF,,C0402,-194,2889,180,YES
C201,CC_C0201_100NF,100nF,,C0201,-200.13,1929.25,90,YES
C202,CC_C0201_100NF,100nF,,C0201,-200.33,2356.22,180,YES
C203,CC_C0201_100NF,100nF,,C0201,-200.83,2119.25,90,YES
C204,CC_C0201_100NF,100nF,,C0201,-217.83,2245.25,270,YES
C205,CC_C0201_100NF,100nF,,C0201,-229.63,2495.57,270,YES
C206,CC_C0201_100NF,100nF,,C0201,-230.63,2435.73,90,YES
C207,CC_EMIFIL_3P_EMIFIL_0402_3P_1UF,1uF,,EMIFIL_0402_3P,-251.83,2303.35,315,YES
C208,CC_C0201_100NF,100nF,,C0201,-254.83,2349.25,135,YES
C209,CC_C0201_100NF,100nF,,C0201,-255.83,2091.25,90,YES
C210,CC_C0201_100NF,100nF,,C0201,-259.83,1993.25,270,YES
C211,CC_C0603_4.7UF,4.7uF,,C0603,-262.12,1575.08,180,YES
C212,CC_C0201_100NF,100nF,,C0201,-263.33,2404.15,90,YES
C213,CC_C0402_1UF,1uF,,C0402,-268.83,1630.25,180,YES
C214,CC_C0201_100NF,100nF,,C0201,-276.83,2229.25,0,YES
C215,CC_C0201_100NF,100nF,,C0201,-281.03,1944.55,180,YES
C216,CC_C0201_100NF,100nF,,C0201,-281.83,2199.25,180,YES
C217,CC_C0201_100NF,100nF,,C0201,-281.83,2164.25,0,YES
C218,CC_C0201_100NF,100nF,,C0201,-281.83,2134.25,180,YES
C219,CC_EMIFIL_3P_EMIFIL_0402_3P_1UF,1uF,,EMIFIL_0402_3P,-284.83,2051.25,315,YES
C220,CC_C0201_100NF,100nF,,C0201,-295.03,2340.17,270,YES
C221,CC_C0201_100NF,100nF,,C0201,-296.83,2434.25,90,YES
C222,CC_C0201_100NF,100nF,,C0201,-309.41,1968.35,180,YES
C223,CC_C0201_100NF,100nF,,C0201,-310.83,2104.25,180,YES
C224,CC_C0201_100NF,100nF,,C0201,-311.83,2479.25,180,YES
C225,CC_C0201_100NF,100nF,,C0201,-311.83,2292.25,0,YES
C226,CC_C0603_4.7UF,4.7uF,,C0603,-326,2851,270,YES
C227,CC_C0402_1UF,1uF,,C0402,-339.33,2004.25,180,YES
C228,CC_C0201_100NF,100nF,,C0201,-341.83,2449.25,180,YES
C229,CC_C0201_100NF,100nF,,C0201,-341.83,2419.25,0,YES
C230,CC_C0402_1UF,1uF,,C0402,-341.83,2384.45,180,YES
C231,CC_C0201_100NF,100nF,,C0201,-341.83,2229.25,0,YES
C232,CC_C0201_100NF,100nF,,C0201,-341.83,2199.25,180,YES
C233,CC_C0201_100NF,100nF,,C0201,-341.83,2164.25,0,YES
C234,CC_C0201_100NF,100nF,,C0201,-341.83,2134.25,180,YES
C235,CC_C0201_100NF,100nF,,C0201,-341.83,2069.25,180,YES
C236,CC_C0201_100NF,100nF,,C0201,-341.83,2039.25,0,YES
C237,CC_C0201_100NF,100nF,,C0201,-342.83,1939.25,180,YES
C238,CC_C0603_4.7UF,4.7uF,,C0603,48.25,2819.83,270,YES
C239,CC_C0201_100NF,100nF,,C0201,-346.83,2337.25,90,YES
C240,CC_C0402_1UF,1uF,,C0402,-371,2740,0,YES
C241,CC_C0201_100NF,100nF,,C0201,-372.23,1967.85,180,YES
C242,CC_C0201_100NF,100nF,,C0201,-372.83,2293.25,0,YES
C243,CC_C0402_1UF,1uF,,C0402,-373.83,2875.14,270,YES
C244,CC_C0201_100NF,100nF,,C0201,-376.83,2104.25,180,YES
C245,CC_C0201_100NF,100nF,,C0201,-386.83,2464.25,90,YES
C246,CC_C0201_100NF,100nF,,C0201,-386.83,2404.25,90,YES
C247,CC_C0201_100NF,100nF,,C0201,-468,982,270,NO
C248,CC_C0402_1UF,1uF,,C0402,-405.49,1993.81,45,YES
C249,CC_C0201_100NF,100nF,,C0201,-406.75,2046.35,0,YES
C250,CC_EMIFIL_3P_EMIFIL_0402_3P_1UF,1uF,,EMIFIL_0402_3P,-750.75,1491.83,90,YES
C251,CC_C0201_100NF,100nF,,C0201,-406.83,2074.25,180,YES
C252,CC_C0201_100NF,100nF,,C0201,-407.03,2355.75,0,YES
C253,CC_C0201_100NF,100nF,,C0201,-412.83,2300.25,225,YES
C254,CC_C0603_4.7UF,4.7uF,,C0603,-425.02,2842.31,270,YES
C255,CC_C0201_100NF,100nF,,C0201,-431.83,2104.25,180,YES
C256,CC_C0402_1UF,1uF,,C0402,-436.83,2449.25,180,YES
C257,CC_C0201_100NF,100nF,,C0201,-437.83,2019.25,0,YES
C258,CC_C0201_100NF,100nF,,C0201,-438.83,2185.25,135,YES
C259,CC_C0201_100NF,100nF,,C0201,-443.83,1968.25,135,YES
C260,CC_C0201_100NF,100nF,,C0201,-451.83,2056.25,270,YES
C261,CC_C0201_100NF,100nF,,C0201,-453.5,2749.57,270,YES
C262,CC_C0402_1UF,1uF,,C0402,-454.83,2371.25,270,YES
C263,CC_C0402_1UF,1uF,,C0402,-467.81,2213.72,225,YES
C264,CC_C0201_100NF,100nF,,C0201,-467.83,2124.25,180,YES
C265,CC_C0201_100NF,100nF,,C0201,-468.83,1993.25,225,YES
C266,CC_C0402_1UF,1uF,,C0402,-468.83,2308.25,135,YES
C267,CC_C0201_100NF,100nF,,C0201,-472.83,2094.25,135,YES
C268,CC_C0201_100NF,100nF,,C0201,-477.83,2159.25,135,YES
C269,CC_C0201_100NF,100nF,,C0201,-483.5,2749.57,270,YES
C270,CC_C0201_100NF,100nF,,C0201,-483.83,2024.25,270,YES
C271,CC_C0402_1UF,1uF,,C0402,-486.83,2434.25,270,YES
C272,CC_C0201_100NF,100nF,,C0201,-501.83,2074.25,0,YES
C273,CC_C0201_100NF,100nF,,C0201,-506.37,2261.46,90,YES
C274,CC_C0201_100NF,100nF,,C0201,-513.5,2749.57,270,YES
C275,CC_C0402_1UF,1uF,,C0402,-515.83,2024.25,90,YES
C276,CC_C0805_22UF,22uF,,C0805,-522.21,2861.95,0,YES
C277,CC_C0201_100NF,100nF,,C0201,-528.05,2103.6,0,YES
C278,CC_C0805_10UF,10uF,,C0805,-671,2868,0,YES
C279,CC_C0201_100NF,100nF,,C0201,-891.83,2195.25,0,YES
C280,CC_EMIFIL_3P_EMIFIL_0402_3P_1UF,1uF,,EMIFIL_0402_3P,-895.83,2245.25,0,YES
C281,CC_C0402_1UF,1uF,,C0402,-949.67,1822.4,0,YES
C282,CC_C0402_1UF,1uF,,C0402,-955.21,1917.55,0,YES
C283,CC_C0603_4.7UF,4.7uF,,C0603,-957.94,1772.4,0,YES
C284,CC_C0603_4.7UF,4.7uF,,C0603,-958.45,1870.37,0,YES
C285,CC_C0603_4.7UF,4.7uF,,C0603,-960,1715,0,YES
C286,CC_C0201_100NF,100nF,,C0201,-977.83,1980.27,270,YES
C287,CC_C0402_1UF,1uF,,C0402,-1085,1425,270,YES
C288,CC_C0201_100NF,100nF,,C0201,-1095,1545,0,YES
C289,CC_C0201_100NF,100nF,,C0201,-1095,1515,0,YES
C290,CC_C0402_1UF,1uF,,C0402,-1101.44,1583.04,0,YES
C291,CC_C0402_1UF,1uF,,C0402,-1105.19,1480.83,0,YES
C292,CC_C0201_100NF,100nF,,C0201,-1120,1420,270,YES
C293,CC_C0402_1UF,1uF,,C0402,-1155,1645,90,YES
C294,CC_C0402_1UF,1uF,,C0402,-1175,1425,270,YES
C295,CC_C0201_100NF,100nF,,C0201,-1190,1655,90,YES
C296,CC_C0201_100NF,100nF,,C0201,-1198.14,2461.78,90,YES
C297,CC_C0201_100NF,100nF,,C0201,-1210,1420,270,YES
C298,CC_C0201_100NF,100nF,,C0201,-1220,1655,90,YES
C299,CC_C0402_1UF,1uF,,C0402,-1255,1645,90,YES
C300,CC_C0805_22UF,22uF,,C0805,-1306.19,2239.13,0,YES
C301,CC_C0805_22UF,22uF,,C0805,-1306.31,2476.74,0,YES
C302,CC_C0201_100NF,100nF,,C0201,-1326.36,2663.28,270,YES
C303,CC_C0402_1UF,1uF,,C0402,-1335.66,1571.35,180,YES
C304,CC_C0402_1UF,1uF,,C0402,-1335.66,1455.35,180,YES
C305,CC_C0402_1UF,1uF,,C0402,-1336.6,1639.74,180,YES
C306,CC_C0201_100NF,100nF,,C0201,-1343.45,1536.96,180,YES
C307,CC_C0201_100NF,100nF,,C0201,-1344.25,1605.59,180,YES
C308,CC_C0201_100NF,100nF,,C0201,-1345.66,1488.35,180,YES
C309,CC_C0201_100NF,100nF,,C0201,-1429.56,2067.34,0,YES
C310,CC_C0201_100NF,100nF,,C0201,-1480,2249,0,YES
C311,CC_C0201_10NF,10nF,,C0201,-1510,1567,0,YES
C312,CC_C0805_10UF,10uF,,C0805,-1521,1511,0,YES
C313,CC_C0201_100NF,100nF,,C0201,-1608,2230,270,YES
C314,CC_C0402_1UF,1uF,,C0402,-785,867,90,YES
C315,CC_C0805_10UF,10uF,,C0805,-914.48,1025.22,270,NO
C316,CC_C0201_100NF,100nF,,C0201,-1439.38,1789.18,270,NO
C317,CC_C0201_100NF,100nF,,C0201,-1385,2135,270,NO
C318,CC_C0201_100NF,100nF,,C0201,-1372.28,2062.25,0,NO
C319,CC_C0201_100NF,100nF,,C0201,-1357.59,1902.99,180,NO
C320,CC_C0201_100NF,100nF,,C0201,-1321.58,2062.27,180,NO
C321,CC_C0402_27PF,27pF,,C0402,-1255.04,1319.19,0,NO
C322,CC_C0402_27PF,27pF,,C0402,-1224.13,1135.2,0,NO
C323,CC_C0201_100NF,100nF,,C0201,-119.5,1466.03,90,NO
C324,CC_C0201_100NF,100nF,,C0201,-21.5,928.97,270,NO
C325,CC_C0402_12PF,12pF,,C0402,-1067.83,2029.25,180,NO
C326,CC_C0805_10UF,10uF,,C0805,-1065.87,1232.94,180,NO
C327,CC_C0201_10NF,10nF,,C0201,-1060.85,1288.14,180,NO
C328,CC_C0402_10PF,10pF,,C0402,-1047.17,2220.25,180,NO
C329,CC_C0603_4.7UF,4.7uF,,C0603,-958.45,1870.37,180,NO
C330,CC_C0603_4.7UF,4.7uF,,C0603,-957.94,1772.4,180,NO
C331,CC_C0402_1UF,1uF,,C0402,-953.95,1918.58,180,NO
C332,CC_C0402_1UF,1uF,,C0402,-949.67,1822.4,180,NO
C333,CC_C0402_1UF,1uF,,C0402,-949.67,1723.4,180,NO
C334,CC_C0402_10PF,10pF,,C0402,-940.25,2312.83,90,NO
C335,CC_C0402_12PF,12pF,,C0402,-938.25,2151.17,90,NO
C336,CC_C0805_10UF,10uF,,C0805,-860.87,1232.94,180,NO
C337,CC_C0201_10NF,10nF,,C0201,-850.45,1288.45,180,NO
C338,CC_EMIFIL_3P_EMIFIL_0402_3P_1UF,1uF,,EMIFIL_0402_3P,-828.19,2275.3,0,NO
C339,CC_C0805_10UF,10uF,,C0805,357.78,1183.52,0,NO
C340,CC_EMIFIL_3P_EMIFIL_0402_3P_1UF,1uF,,EMIFIL_0402_3P,-750.6,1492.32,90,NO
C341,CC_EMIFIL_3P_EMIFIL_0603_3P_10U,10uF,,EMIFIL_0603_3P,-750.6,1395.32,90,NO
C342,CC_C0201_100NF,100nF,,C0201,-819,866,90,YES
C343,CC_C0402_470NF,470nF,,C0402,-744.04,1571.32,270,NO
C344,CC_C0402_470NF,470nF,,C0402,-706.6,1571.32,270,NO
C345,CC_EMIFIL_3P_EMIFIL_0402_3P_1UF,1uF,,EMIFIL_0402_3P,-669.04,1492.32,90,NO
C346,CC_C0402_470NF,470nF,,C0402,-668.6,1571.32,270,NO
C347,CC_EMIFIL_3P_EMIFIL_0402_3P_1UF,1uF,,EMIFIL_0402_3P,-667.04,1399.32,90,NO
C348,CC_C0201_100NF,100nF,,C0201,-594.2,2982.41,0,NO
C349,CC_C0805_22UF,22uF,,C0805,-544.47,1571.96,0,NO
C350,CC_C0402_27PF,27pF,,C0402,-539.78,1006.91,90,NO
C351,CC_C0402_27PF,27pF,,C0402,-538.1,1090.02,270,NO
C352,CC_C0402_1UF,1uF,,C0402,-514.28,2849.11,180,NO
C353,CC_C0201_100NF,100nF,,C0201,-513.5,2749.57,90,NO
C354,CC_C0402_1UF,1uF,,C0402,-509.69,1631.85,0,NO
C355,CC_C0201_100NF,100nF,,C0201,-501.99,1258.27,180,NO
C356,CC_C0201_100NF,100nF,,C0201,-539.39,1247.99,90,NO
C357,CC_C0201_100NF,100nF,,C0201,-501.99,1137.06,180,NO
C358,CC_C0201_100NF,100nF,,C0201,-494.95,982.17,270,NO
C359,CC_C0201_100NF,100nF,,C0201,-483.5,2749.57,90,NO
C360,CC_C0603_4.7UF,4.7uF,,C0603,-454.14,2896.74,180,NO
C361,CC_C0201_100NF,100nF,,C0201,-453.5,2749.57,90,NO
C362,CC_C0402_1UF,1uF,,C0402,-440.14,2849.17,180,NO
C363,CC_C0402_1UF,1uF,,C0402,-426.85,1631.96,180,NO
C364,CC_C0603_4.7UF,4.7uF,,C0603,-416.3,1565.35,180,NO
C365,CC_C0603_4.7UF,4.7uF,,C0603,-380,2743,180,NO
C366,CC_C0402_1UF,1uF,,C0402,-373.83,2875.14,90,NO
C367,CC_EMIFIL_3P_EMIFIL_0402_3P_1UF,1uF,,EMIFIL_0402_3P,-365.36,1626.97,90,NO
C368,CC_C0201_220NF,220nF,,C0201,-283.5,2778.32,90,NO
C369,CC_C0805_22UF,22uF,,C0805,-283.3,2892.28,180,NO
C370,CC_C0402_1UF,1uF,,C0402,-268.83,1630.25,0,NO
C371,CC_C0201_100NF,100nF,,C0201,-274.64,928.31,270,NO
C372,CC_C0603_4.7UF,4.7uF,,C0603,-262.12,1575.08,0,NO
C373,CC_C0201_220NF,220nF,,C0201,-254.5,2778.32,90,NO
C374,CC_EMIFIL_3P_EMIFIL_0402_3P_1UF,1uF,,EMIFIL_0402_3P,-246.67,1509.75,90,NO
C375,CC_C0201_220NF,220nF,,C0201,-224.1,2778.32,90,NO
C376,CC_C0402_470NF,470nF,,C0402,-208.17,1508.75,270,NO
C377,CC_C0201_220NF,220nF,,C0201,-194.1,2778.32,90,NO
C378,CC_C0402_1UF,1uF,,C0402,-165.83,1628.25,0,NO
C379,CC_C0603_4.7UF,4.7uF,,C0603,-146.28,1575.7,0,NO
C380,CC_C0201_100NF,100nF,,C0201,-228.25,928.2,270,NO
C381,CC_C0201_100NF,100nF,,C0201,-93.39,1466.03,90,NO
C382,CC_C0603_4.7UF,4.7uF,,C0603,-86.8,2816.71,180,NO
C383,CC_C0402_1UF,1uF,,C0402,-75.16,2766.2,180,NO
C384,CC_C0201_100NF,100nF,,C0201,39,564,0,NO
C385,CC_C0201_100NF,100nF,,C0201,-49.61,929.28,270,NO
C386,CC_C0402_1UF,1uF,,C0402,-40.83,1587.25,0,NO
C387,CC_C0805_22UF,22uF,,C0805,-16.83,1530.25,0,NO
C388,CT_AVX_C_150UF,150uF,,AVX_C,75,740,90,NO
C389,CC_C0603_4.7UF,4.7uF,,C0603,32.56,2814.6,180,NO
C390,CC_C0402_1UF,1uF,,C0402,41.3,2764.59,180,NO
C391,CC_C0402_470NF,470nF,,C0402,71.25,1458.83,0,NO
C392,CC_EMIFIL_3P_EMIFIL_0402_3P_1UF,1uF,,EMIFIL_0402_3P,72.75,1588.17,0,NO
C393,CC_EMIFIL_3P_EMIFIL_0402_3P_1UF,1uF,,EMIFIL_0402_3P,74.75,1416.17,180,NO
C394,CC_C0201_100NF,100nF,,C0201,27.76,1126.43,90,NO
C395,CC_C0402_470NF,470nF,,C0402,109.17,2788.25,90,NO
C396,CC_C0201_100NF,100nF,,C0201,109.61,2851.18,90,NO
C397,CC_C0201_100NF,100nF,,C0201,34,1313.13,0,NO
C398,CC_C0201_100NF,100nF,,C0201,35,1261.13,0,NO
C399,CC_C0402_1UF,1uF,,C0402,117.27,1342.22,270,NO
C400,CC_C0402_1UF,1uF,,C0402,139.44,1574.25,180,NO
C401,CC_C0603_4.7UF,4.7uF,,C0603,142.17,1509.25,180,NO
C402,CC_C0201_100NF,100nF,,C0201,-117.33,928.97,270,NO
C403,CC_C0402_470NF,470nF,,C0402,166.17,2788.25,90,NO
C404,CC_C0402_470NF,470nF,,C0402,166.75,2859.73,90,NO
C405,CC_C0805_10UF,10uF,,C0805,214,823,90,NO
C406,CC_C0402_100NF,100nF,,C0402,-1541.9,833,0,NO
C407,CC_C0805_10UF,10uF,,C0805,133.26,1115.96,90,NO
C408,CC_C0201_100NF,100nF,,C0201,195,735,180,NO
C409,CC_C0201_100NF,100nF,,C0201,199.18,1302.43,180,NO
C410,CC_EMIFIL_3P_EMIFIL_0402_3P_1UF,1uF,,EMIFIL_0402_3P,219.22,2868.37,270,NO
C411,CC_C0402_470NF,470nF,,C0402,225.17,2789.25,90,NO
C412,CC_EMIFIL_3P_EMIFIL_0402_3P_1UF,1uF,,EMIFIL_0402_3P,231.55,1562.67,90,NO
C413,CC_EMIFIL_3P_EMIFIL_0402_3P_1UF,1uF,,EMIFIL_0402_3P,282.17,1563.93,90,NO
C414,CC_C0201_100NF,100nF,,C0201,200.46,1117.22,180,NO
C415,CC_EMIFIL_3P_EMIFIL_0402_3P_1UF,1uF,,EMIFIL_0402_3P,293.17,2779.25,90,NO
C416,CC_EMIFIL_3P_EMIFIL_0603_3P_10U,10uF,,EMIFIL_0603_3P,300.6,2866.52,180,NO
C417,CC_EMIFIL_3P_EMIFIL_0402_3P_1UF,1uF,,EMIFIL_0402_3P,323.17,1674.25,180,NO
C418,CC_EMIFIL_3P_EMIFIL_0402_3P_1UF,1uF,,EMIFIL_0402_3P,332.17,1563.93,90,NO
C419,CC_C0201_100NF,100nF,,C0201,367.5,2970.74,270,NO
C420,CC_C0402_1UF,1uF,,C0402,373.6,2569.32,270,NO
C421,CC_C0603_4.7UF,4.7uF,,C0603,-731,860,90,YES
C422,CC_EMIFIL_3P_EMIFIL_0603_3P_10U,10uF,,EMIFIL_0603_3P,382.17,1548.25,90,NO
C423,CC_C0402_470NF,470nF,,C0402,387.17,2783.25,0,NO
C424,CC_C0402_470NF,470nF,,C0402,387.17,2708.25,0,NO
C425,CC_C0402_470NF,470nF,,C0402,387.17,2633.25,0,NO
C426,CC_EMIFIL_3P_EMIFIL_0603_3P_10U,10uF,,EMIFIL_0603_3P,408.17,2866.25,180,NO
C427,CC_C0603_4.7UF,4.7uF,,C0603,426.81,2550.42,270,NO
C428,CC_C0402_470NF,470nF,,C0402,428.17,2169.25,0,NO
C429,CC_C0402_470NF,470nF,,C0402,428.17,2069.25,0,NO
C430,CC_C0402_470NF,470nF,,C0402,428.17,1819.25,0,NO
C431,CC_EMIFIL_3P_EMIFIL_0402_3P_1UF,1uF,,EMIFIL_0402_3P,428.17,1674.25,180,NO
C432,CC_EMIFIL_3P_EMIFIL_0402_3P_1UF,1uF,,EMIFIL_0402_3P,447.05,1481.17,90,NO
C433,CC_C0201_100NF,100nF,,C0201,-911.5,1130.03,90,NO
C434,CC_C0805_10UF,10uF,,C0805,465.26,2959.5,0,NO
C435,CC_EMIFIL_3P_EMIFIL_0402_3P_1UF,1uF,,EMIFIL_0402_3P,475.17,2784.25,180,NO
C436,CC_EMIFIL_3P_EMIFIL_0402_3P_1UF,1uF,,EMIFIL_0402_3P,475.17,2709.25,180,NO
C437,CC_EMIFIL_3P_EMIFIL_0603_3P_10U,10uF,,EMIFIL_0603_3P,487.87,2639.3,180,NO
C438,CC_EMIFIL_3P_EMIFIL_0402_3P_1UF,1uF,,EMIFIL_0402_3P,496.27,1480.75,270,NO
C439,CC_C0201_100NF,100nF,,C0201,556.46,1398.06,180,NO
C440,CC_C0201_100NF,100nF,,C0201,498.67,542.82,180,NO
C441,CC_EMIFIL_3P_EMIFIL_0603_3P_10U,10uF,,EMIFIL_0603_3P,545.36,2865.98,180,NO
C442,CC_C0402_470NF,470nF,,C0402,547.75,1482.17,270,NO
C443,CC_C0805_10UF,10uF,,C0805,564.23,593.69,0,NO
C444,CC_EMIFIL_3P_EMIFIL_0603_3P_10U,10uF,,EMIFIL_0603_3P,563.54,2734.12,90,NO
C445,CC_C0201_100NF,100nF,,C0201,577.14,647.45,0,NO
C446,CC_C0805_22UF,22uF,,C0805,620.94,1354.46,270,NO
C447,CC_C0805_22UF,22uF,,C0805,621.85,1217.27,90,NO
C448,CC_C0402_470NF,470nF,,C0402,607.35,1483.17,270,NO
C449,CC_C0201_100NF,100nF,,C0201,627.18,647.45,180,NO
C450,CC_C0402_470NF,470nF,,C0402,646.75,1482.17,270,NO
C451,CC_C0402_470NF,470nF,,C0402,668.17,1574.25,0,NO
C452,CC_C0402_470NF,470nF,,C0402,691.25,2385.87,180,NO
C453,CC_C0603_2.2UF,2.2uF,,C0603,697,921,0,NO
C454,CC_EMIFIL_3P_EMIFIL_0603_3P_10U,10uF,,EMIFIL_0603_3P,706.75,1478.17,90,NO
C455,CC_C0402_220PF,220pF,,C0402,751.15,1364.69,0,NO
C456,CC_C0201_100NF,100nF,,C0201,696.88,1175.04,270,NO
C457,CC_C0402_470NF,470nF,,C0402,753.17,1574.25,0,NO
C458,CC_C1210_100UF,100uF,,C1210,760.7,730.67,270,NO
C459,CC_C0201_100NF,100nF,,C0201,771,849,180,NO
C460,CC_C0201_10NF,10nF,,C0201,776.25,2340.87,180,NO
C461,CC_EMIFIL_3P_EMIFIL_0603_3P_10U,10uF,,EMIFIL_0603_3P,781.75,1478.17,90,NO
C462,CC_C0201_100NF,100nF,,C0201,835,2967.69,0,NO
C463,CC_C0402_1UF,1uF,,C0402,838.17,1574.25,0,NO
C464,CC_C1206_47UF,47uF,,C1206,912.28,1508,0,NO
C465,CC_C1206_47UF,47uF,,C1206,912.28,1417.16,0,NO
C466,CC_C0402_470NF,470nF,,C0402,928.17,1574.25,0,NO
C467,CC_C1210_100UF,100uF,,C1210,1018,790.54,180,NO
C468,CC_C0201_10NF,10nF,,C0201,1018.17,1574.25,0,NO
C469,CC_C0402_470NF,470nF,,C0402,1026.25,2385.87,180,NO
C470,CC_C0402_470NF,470nF,,C0402,1045.17,1630.25,270,NO
C471,CC_EMIFIL_3P_EMIFIL_0402_3P_1UF,1uF,,EMIFIL_0402_3P,1091.17,1635.25,90,NO
C472,CC_C0201_100NF,100nF,,C0201,1113.17,2375.25,90,NO
C473,CC_EMIFIL_3P_EMIFIL_0402_3P_1UF,1uF,,EMIFIL_0402_3P,1128.17,1959.25,90,NO
C474,CC_EMIFIL_3P_EMIFIL_0402_3P_1UF,1uF,,EMIFIL_0402_3P,1140.17,1635.25,90,NO
C475,CC_C0402_470NF,470nF,,C0402,1142.17,1781.25,270,NO
C476,CC_C0805_10UF,10uF,,C0805,1153.17,2129.25,270,NO
C477,CC_EMIFIL_3P_EMIFIL_0402_3P_1UF,1uF,,EMIFIL_0402_3P,1168.17,2374.25,90,NO
C478,CC_C0201_100NF,100nF,,C0201,1201,921,90,NO
C479,CC_EMIFIL_3P_EMIFIL_0603_3P_10U,10uF,,EMIFIL_0603_3P,1212.17,1651.25,90,NO
C480,CC_C0201_100NF,100nF,,C0201,1231,921,90,NO
C481,CC_C0201_100NF,100nF,,C0201,1248.89,2532.39,0,NO
C482,CC_C0603_2.2UF,2.2uF,,C0603,1320.19,1449.72,180,NO
C483,CC_C0603_2.2UF,2.2uF,,C0603,1320.19,1384.72,180,NO
C484,CC_C0603_2.2UF,2.2uF,,C0603,1320.19,1322.56,180,NO
C485,CC_C0603_2.2UF,2.2uF,,C0603,1320.19,1262.56,180,NO
C486,CC_C0603_2.2UF,2.2uF,,C0603,1320.19,1205.52,180,NO
C487,CC_C0603_2.2UF,2.2uF,,C0603,1320.19,1147.56,180,NO
C488,CC_C0805_10UF,10uF,,C0805,1360,724,90,NO
C489,CC_C0603_2.2UF,2.2uF,,C0603,1403.1,2550.95,180,NO
C490,CC_C0603_2.2UF,2.2uF,,C0603,1403.1,2493.95,180,NO
C491,CC_C0603_2.2UF,2.2uF,,C0603,1403.1,2433.95,180,NO
C492,CC_C0603_2.2UF,2.2uF,,C0603,1403.1,2373.95,180,NO
C493,CC_C0603_2.2UF,2.2uF,,C0603,1403.1,2316.95,180,NO
C494,CC_C0603_2.2UF,2.2uF,,C0603,1403.1,2260.41,180,NO
C495,CC_C0402_4.7NF,4.7nF,,C0402,1425,1970,90,NO
C496,CC_C0201_100NF,100nF,,C0201,1427,2914,0,NO
C497,CC_C0805_10UF,10uF,,C0805,1431,2862,0,NO
C498,CC_C0201_10NF,10nF,,C0201,1437,821,90,NO
C499,CC_C0402_1UF,1uF,,C0402,1470,825,90,NO
C500,CC_C1206_47UF,47uF,,C1206,1487.16,957.75,0,NO
C501,CC_C0805_10UF,10uF,,C0805,1501.73,1542.1,0,NO
C502,CC_C0805_10UF,10uF,,C0805,1502.29,1047.27,0,NO
C503,CC_C1206_47UF,47uF,,C1206,1509.19,1628.32,0,NO
C504,CC_C0402_10PF,10pF,,C0402,1546.08,1970,270,NO
C505,CC_C1206_47UF,47uF,,C1206,1551.52,2730.48,0,NO
C506,CC_C1206_47UF,47uF,,C1206,1560.81,2062.68,0,NO
C507,CC_C0805_10UF,10uF,,C0805,1575.39,2900.79,180,NO
C508,CC_C0805_10UF,10uF,,C0805,1582.1,2645.95,0,NO
C509,CC_C0805_10UF,10uF,,C0805,1583.1,2147.95,0,NO
C510,CC_C0201_100NF,100nF,,C0201,1975,1863,90,YES
C511,CC_C0201_100NF,100nF,,C0201,1617.34,2974.49,180,NO
C512,CC_C0805_10UF,10uF,,C0805,1641.73,1542.1,180,NO
C513,CC_C0805_10UF,10uF,,C0805,1656.75,1045.42,180,NO
C514,CC_C1206_47UF,47uF,,C1206,1686.78,957.29,180,NO
C515,CC_C1206_47UF,47uF,,C1206,1713.82,1626.95,180,NO
C516,CC_C0805_10UF,10uF,,C0805,1723.1,2644.95,180,NO
C517,CC_C0805_10UF,10uF,,C0805,1736.1,2147.95,180,NO
C518,CC_C1206_47UF,47uF,,C1206,1754,2731.45,180,NO
C519,CC_C1206_47UF,47uF,,C1206,1760.81,2062.68,180,NO
C520,CC_C0201_100NF,100nF,,C0201,1854,1872,90,YES
C521,CC_C0805_10UF,10uF,,C0805,1840.59,1331.38,90,NO
C522,CC_C0201_100NF,100nF,,C0201,1842,3095.41,90,NO
C523,CC_C0201_100NF,100nF,,C0201,1913,2853,270,NO
C524,CC_C1206_47UF,47uF,,C1206,1925.59,1347.38,90,NO
C525,CC_C0805_10UF,10uF,,C0805,1927.1,2433.95,90,NO
C526,CC_C0805_10UF,10uF,,C0805,1959,2918,180,NO
C527,CC_C0402_12PF,12pF,,C0402,1989.35,2734.84,270,NO
C528,CC_C1206_47UF,47uF,,C1206,2019.8,2460.03,90,NO
C529,CC_C0402_12PF,12pF,,C0402,2043.62,2597.48,180,NO
C530,CC_C0201_100NF,100nF,,C0201,2044,2908,90,NO
C531,CC_C0201_220NF,220nF,,C0201,-501.97,1189.5,0,NO
C532,CC_C0201_220NF,220nF,,C0201,-501.97,1163.5,0,NO
C533,CC_C0201_220NF,220nF,,C0201,-330.5,928.97,270,NO
C534,CC_C0201_220NF,220nF,,C0201,-302.5,928.97,270,NO
C535,CC_C0201_220NF,220nF,,C0201,-172.5,928.97,270,NO
C536,CC_C0201_220NF,220nF,,C0201,-144.5,928.97,270,NO
C537,CC_C0201_220NF,220nF,,C0201,-44.5,2711.03,270,YES
C538,CC_C0201_220NF,220nF,,C0201,-71.5,2711.03,270,YES
C539,CC_C0201_10NF,10nF,,C0201,-756.5,1141.03,90,NO
C540,CC_C0201_100NF,100nF,,C0201,362.03,1126.5,0,NO
C541,CC_C0402_1UF,1uF,,C0402,488.05,1245.5,0,NO
C542,CC_C0201_100NF,100nF,,C0201,487.03,1279.5,0,NO
C543,CC_C0603_4.7UF,4.7uF,,C0603,520.07,1351.5,0,NO
C544,CC_C0201_10NF,10nF,,C0201,189.5,1260.97,270,NO
C545,CC_C0201_100NF,100nF,,C0201,1684.03,886.5,0,NO
C546,CC_C1210_4.7UF,4.7uF,,C1210,1866.5,766.75,90,NO
C547,CC_C0201_100NF,100nF,,C0201,1897.75,632.5,0,NO
C548,CC_C0201_33PF,33pF,,C0201,839,797,270,YES
C549,CC_C0805_10UF,10uF,,C0805,489.42,966.55,0,YES
C550,CC_C0201_100NF,100nF,,C0201,666.58,973.45,180,YES
C551,CC_C0805_10UF,10uF,,C0805,301.42,966.55,0,YES
C552,CC_C0201_100NF,100nF,,C0201,401.45,966.55,90,YES
C553,CC_C0805_10UF,10uF,,C0805,-1097.45,956.58,270,YES
C554,CC_C0201_100NF,100nF,,C0201,-1373.58,907.55,0,YES
C555,CC_C0805_10UF,10uF,,C0805,-1538.45,970.42,270,NO
C556,CC_C0201_100NF,100nF,,C0201,-1479.55,1067.58,90,NO
C557,CC_C1206_1NF,1nF,,C1206,671.55,253.58,270,YES
D1,DIODE TVS BI-DIR_D0402_TPD1E1B0,TPD1E1B04DPYR,,D0402,1956.98,1525.64,90,YES
D2,DIODE TVS BI-DIR_D0402_TPD1E1B0,TPD1E1B04DPYR,,D0402,1909.5,1525.64,90,YES
D3,DIODE TVS BI-DIR_D0402_TPD1E1B0,TPD1E1B04DPYR,,D0402,1848.36,953.15,180,YES
D4,DIODE TVS BI-DIR_D0402_TPD1E1B0,TPD1E1B04DPYR,,D0402,1848.36,916.5,180,YES
D5,ESD122DMX_X2SON3_0D3_0_6X1X0_4M,ESD122DMXR,,X2SON3_0D3_0_6X1X0_4MM,1383.2,554,270,YES
D6,TPD1E05U06DPY_D0402_1C2A_TPD1E0,TPD1E05U06DPYR,,D0402_1C2A,547.97,670.47,270,YES
D7,BZX84C6V8LT1G_SOT23_6.8V,6.8V,,SOT23,515.64,2787.53,180,YES
D8,TPD1E05U06DPY_D0402_1C2A_TPD1E0,TPD1E05U06DPYR,,D0402_1C2A,489.41,670.47,270,YES
D9,TPD1E05U06DPY_D0402_1C2A_TPD1E0,TPD1E05U06DPYR,,D0402_1C2A,432.5,670.47,270,YES
D10,TPD1E05U06DPY_D0402_1C2A_TPD1E0,TPD1E05U06DPYR,,D0402_1C2A,377.5,670.47,270,YES
D11,TPD1E05U06DPY_D0402_1C2A_TPD1E0,TPD1E05U06DPYR,,D0402_1C2A,327.5,670.47,270,YES
D12,TPD1E05U06DPY_D0402_1C2A_TPD1E0,TPD1E05U06DPYR,,D0402_1C2A,272.5,670.47,270,YES
D13,ESD122DMX_X2SON3_0D3_0_6X1X0_4M,ESD122DMXR,,X2SON3_0D3_0_6X1X0_4MM,-238.8,769.03,90,YES
D14,ESD122DMX_X2SON3_0D3_0_6X1X0_4M,ESD122DMXR,,X2SON3_0D3_0_6X1X0_4MM,-317.92,769.03,90,YES
D15,ESD122DMX_X2SON3_0D3_0_6X1X0_4M,ESD122DMXR,,X2SON3_0D3_0_6X1X0_4MM,-398.29,769.03,90,YES
D16,ESD122DMX_X2SON3_0D3_0_6X1X0_4M,ESD122DMXR,,X2SON3_0D3_0_6X1X0_4MM,-478.07,769.03,90,YES
D17,ESD122DMX_X2SON3_0D3_0_6X1X0_4M,ESD122DMXR,,X2SON3_0D3_0_6X1X0_4MM,-558.59,769.03,90,YES
D18,ESD122DMX_X2SON3_0D3_0_6X1X0_4M,ESD122DMXR,,X2SON3_0D3_0_6X1X0_4MM,-637.61,769.03,90,YES
D19,DIODE TVS BI-DIR_D0402_TPD1E1B0,TPD1E1B04DPYR,,D0402,-741,776,0,YES
D20,D_DO_214AC_SMA_B130L-13-F,B130L-13-F,,DO_214AC_SMA,-1632.95,1102.5,180,NO
D21,D_DO_214AC_SMA_B130L-13-F,B130L-13-F,,DO_214AC_SMA,-1410,985,0,YES
D22,DIODE TVS BI-DIR_D0402_TPD1E1B0,TPD1E1B04DPYR,,D0402,-1577.98,2151.73,90,NO
D23,DIODE TVS BI-DIR_D0402_TPD1E1B0,TPD1E1B04DPYR,,D0402,-1174.5,2455.77,90,NO
D24,DIODE TVS BI-DIR_D0402_TPD1E1B0,TPD1E1B04DPYR,,D0402,-1155.5,1118.85,90,NO
D25,DIODE TVS BI-DIR_D0402_TPD1E1B0,TPD1E1B04DPYR,,D0402,-1148.03,2630.9,180,NO
D26,DIODE TVS BI-DIR_D0402_TPD1E1B0,TPD1E1B04DPYR,,D0402,-1148.03,2590.9,180,NO
D27,DIODE TVS BI-DIR_D0402_TPD1E1B0,TPD1E1B04DPYR,,D0402,-1148.03,2545.9,180,NO
D28,DIODE TVS BI-DIR_D0402_TPD1E1B0,TPD1E1B04DPYR,,D0402,-1148.03,2371.9,180,NO
D29,DIODE TVS BI-DIR_D0402_TPD1E1B0,TPD1E1B04DPYR,,D0402,-1148.03,2331.26,180,NO
D30,DIODE TVS BI-DIR_D0402_TPD1E1B0,TPD1E1B04DPYR,,D0402,-1121.89,1294.5,180,NO
D31,DIODE TVS BI-DIR_D0402_TPD1E1B0,TPD1E1B04DPYR,,D0402,-1058.31,1175.5,0,NO
D32,DIODE TVS BI-DIR_D0402_TPD1E1B0,TPD1E1B04DPYR,,D0402,-1058.23,1135.5,0,NO
D33,DIODE TVS BI-DIR_D0402_TPD1E1B0,TPD1E1B04DPYR,,D0402,-996.81,1389.5,180,NO
D34,DIODE TVS BI-DIR_D0402_TPD1E1B0,TPD1E1B04DPYR,,D0402,-891.35,1175.5,0,NO
D35,DIODE TVS BI-DIR_D0402_TPD1E1B0,TPD1E1B04DPYR,,D0402,-855.5,1351.73,90,NO
D36,TPD1E05U06DPY_D0402_1C2A_TPD1E0,TPD1E05U06DPYR,,D0402_1C2A,292,589,90,NO
D37,TPD1E05U06DPY_D0402_1C2A_TPD1E0,TPD1E05U06DPYR,,D0402_1C2A,341.5,589,90,NO
D38,TPD1E05U06DPY_D0402_1C2A_TPD1E0,TPD1E05U06DPYR,,D0402_1C2A,407,589,90,NO
D39,TPD1E05U06DPY_D0402_1C2A_TPD1E0,TPD1E05U06DPYR,,D0402_1C2A,457,589,90,NO
D40,ESD122DMX_X2SON3_0D3_0_6X1X0_4M,ESD122DMXR,,X2SON3_0D3_0_6X1X0_4MM,704.29,1086.09,0,NO
D41,D_SCHOTTKY_SOD_323_PMEG3010CEJ,PMEG3010CEJ,,SOD_323,710,978,0,NO
D42,ESD122DMX_X2SON3_0D3_0_6X1X0_4M,ESD122DMXR,,X2SON3_0D3_0_6X1X0_4MM,2006.44,3153.4,90,NO
D43,ESD122DMX_X2SON3_0D3_0_6X1X0_4M,ESD122DMXR,,X2SON3_0D3_0_6X1X0_4MM,1386.5,519.03,90,NO
D44,ESD122DMX_X2SON3_0D3_0_6X1X0_4M,ESD122DMXR,,X2SON3_0D3_0_6X1X0_4MM,1554.5,519.03,90,NO
D45,ESD122DMX_X2SON3_0D3_0_6X1X0_4M,ESD122DMXR,,X2SON3_0D3_0_6X1X0_4MM,1546,554,270,YES
D46,ESD122DMX_X2SON3_0D3_0_6X1X0_4M,ESD122DMXR,,X2SON3_0D3_0_6X1X0_4MM,1461,554,270,YES
D47,ESD122DMX_X2SON3_0D3_0_6X1X0_4M,ESD122DMXR,,X2SON3_0D3_0_6X1X0_4MM,1786.03,534.5,0,NO
D48,DIODE TVS BI-DIR_D0402_TPD1E1B0,TPD1E1B04DPYR,,D0402,-1541.9,794.5,180,NO
D49,DIODE TVS BI-DIR_D0402_TPD1E1B0,TPD1E1B04DPYR,,D0402,-1541.9,756.5,180,NO
D50,D_SCHOTTKY_SOD_323_PMEG3010CEJ,PMEG3010CEJ,,SOD_323,1958,2092,180,YES
D51,D_SCHOTTKY_SOD_323_PMEG3010CEJ,PMEG3010CEJ,,SOD_323,1958,2149,180,YES
D52,DIODE TVS BI-DIR_D0402_TPD1E1B0,TPD1E1B04DPYR,,D0402,-1511,2718,90,YES
FL1,FB_L0603_120R,120R,,L0603,1384,2326,0,YES
FL2,FB_L0603_120R,120R,,L0603,781.46,2474.96,270,YES
FL3,FB_L0603_120R,120R,,L0603,300.73,2817.7,0,YES
FL4,FB_L0603_120R,120R,,L0603,220.36,1434.74,270,YES
FL5,FB_L0603_120R,120R,,L0603,-23.25,1459.17,0,YES
FL6,FB_L0603_120R,120R,,L0603,-159.83,1488.25,270,YES
FL7,FB_L0603_120R,120R,,L0603,-293.83,1487.25,270,YES
FL8,FB_L0603_120R,120R,,L0603,-1474.5,1480.55,270,NO
FL9,FB_L0603_120R,120R,,L0603,463.5,1164.75,90,NO
FL10,FB_L0603_120R,120R,,L0603,-962.69,1248.29,90,NO
FL11,FB_L0603_120R,120R,,L0603,520.5,1164.75,90,NO
FL12,FB_L0603_120R,120R,,L0603,-750.5,1250.45,90,NO
FL13,FB_L0603_120R,120R,,L0603,-542.69,1500.59,180,NO
FL14,FB_L0603_120R,120R,,L0603,-525.82,2802.52,0,NO
FL15,FB_L0603_120R,120R,,L0603,-416.44,1506.04,0,NO
FL16,FB_L0603_120R,120R,,L0603,-293.83,1487.25,90,NO
FL17,FB_L0603_120R,120R,,L0603,-280.02,2962.5,0,NO
FL18,FB_L0603_120R,120R,,L0603,-159.83,1488.25,90,NO
FL19,FB_L0603_120R,120R,,L0603,-85,2875,0,NO
FL20,FB_L0603_120R,120R,,L0603,-23.25,1459.17,180,NO
FL21,FB_L0603_120R,120R,,L0603,35,2875,0,NO
FL22,FB_L0603_120R,120R,,L0603,198.53,1345.5,0,NO
FL23,FB_L0603_120R,120R,,L0603,199.17,1445.25,180,NO
FL24,FB_L0603_120R,120R,,L0603,231.55,1073.5,180,NO
FL25,FB_L0603_120R,120R,,L0603,303,1434,90,NO
FL26,FB_L0603_120R,120R,,L0603,485.16,2550.42,90,NO
J1,HEADER_4+2P_HEADER4_2P_1D25_SMD,Header 4P 1.25MM,,HEADER4_2P_1D25_SMD_10X5_3X3_6MM,-1627.5,803.85,270,NO
J2,SIP3_CON3B35X60_B3B-ZR(LF)(SN),B3B-ZR(LF)(SN),,CON3B35X60,2056.24,1122.62,270,YES
J3,SIP3_CON3B35X60_B3B-ZR(LF)(SN),B3B-ZR(LF)(SN),,CON3B35X60,2056.24,827,270,YES
J4,PCIE_M.2_KEY E_75PIN_CON_MINIPE,AS0BC27-S40BE-7H,,CON_MINIPEX_067_SMT_RA_M2_KEYE_C,1672.36,3036.74,0,YES
J5,USB3.0_TYPE C_24+4P_USB_MTCONN_,UBF31-2347-1,,USB_MTCONN_UBF31-2347-1,1472.9,475.74,0,YES
J6,POWER JACK_CONN3-PWR-DC630_DC63,DC630-20D01,,CONN3-PWR-DC630,1018.14,572.85,90,YES
J7,MINI DISPLAY PORT_20PIN_DP20_0D,3VM11201-D730-7H,,DP20_0D6_9_8X11_8X5_9MM,406.4,317.08,0,YES
J8,USB3.0_DUAL TYPE A_18+4P_USB3_1,UAA111C-84161-4H,,USB3_1_2D0_17_5X13_6X15_69MM,-440.38,412.79,0,YES
J9,RJ45_LPJG0933HENL_RJ45_18P_LPJG,LPJG0933HENL,,RJ45_18P_LPJG0801HBNL,-1184.58,456.37,0,YES
J10,HEADER 2X8 1357_HEADER2X8_SMD_1,Header 2x8 1.27mm,,HEADER2X8_SMD_1D27,-1714.39,757.43,90,YES
J11,HEADER 2X5_1_CONNECT10_1D27_12_,TC2050-IDC,,CONNECT10_1D27_12_4X6_7MM,-1749,1942,270,NO
J12,MICROSD CARD_10+4P_MICRO_SD_15X,YL004-030-001,,MICRO_SD_15X14_3X1_8MM,-1277.49,2286.76,90,NO
J13,FPC 22+2P_FPC22_0D5_15_4X5_25X2,FPC 22P 0.5mm,,FPC22_0D5_15_4X5_25X2MM_0D5_DX_NPWB,-818.43,3058,180,NO
J15,FPC 22+2P_FPC22_0D5_15_4X5_25X2,FPC 22P 0.5mm,,FPC22_0D5_15_4X5_25X2MM_0D5_DX_NPWB,154.7,3058,180,NO
J16,FPC 22+2P_FPC22_0D5_15_4X5_25X2,FPC 22P 0.5mm,,FPC22_0D5_15_4X5_25X2MM_0D5_DX_NPWB,1432.7,3058,180,NO
L1,CL_L2012_90R,90R,,L2012,1427.51,643.22,90,YES
L2,L_L7572_XAL7070_1.8UH,1.8uH,,L7572_XAL7070,1026.51,853.68,90,YES
L3,CL_L2012_90R,90R,,L2012,517,776.79,90,YES
L4,CL_L2012_90R,90R,,L2012,405.87,776.79,90,YES
L5,CL_L2012_90R,90R,,L2012,300.22,776.79,90,YES
L6,CL_L2012_90R,90R,,L2012,-238.86,868.44,90,YES
L7,CL_L2012_90R,90R,,L2012,-316.48,868.44,90,YES
L8,CL_L2012_90R,90R,,L2012,-398.84,868.44,90,YES
L9,CL_L2012_90R,90R,,L2012,-478.74,868.44,90,YES
L10,CL_L2012_90R,90R,,L2012,-558.21,868.44,90,YES
L11,CL_L2012_90R,90R,,L2012,-637.91,868.44,90,YES
L12,CL_L2012_90R,90R,,L2012,317,680,270,NO
L13,CL_L2012_90R,90R,,L2012,432.47,730.24,270,NO
L14,CL_L2012_90R,90R,,L2012,610.5,1085.73,0,NO
L15,L_L4242_0.47UH,0.47uH,,L4242,1264,1859,90,NO
L16,L_L1008_0.47UH,0.47uH,,L1008,1324.73,1582.86,90,NO
L17,L_L1008_0.47UH,0.47uH,,L1008,1326.91,996.65,270,NO
L18,L_L1008_0.47UH,0.47uH,,L1008,1396.01,2684.93,90,NO
L19,L_L1008_0.47UH,0.47uH,,L1008,1397.27,2099.19,270,NO
L20,L_L1008_0.47UH,0.47uH,,L1008,1874.99,999.29,270,NO
L21,L_L1008_0.47UH,0.47uH,,L1008,1875.41,1582.86,90,NO
L22,L_L1008_0.47UH,0.47uH,,L1008,1884.85,1192.22,0,NO
L23,L_L1008_0.47UH,0.47uH,,L1008,1909.54,2686.97,90,NO
L24,L_L1008_0.47UH,0.47uH,,L1008,1916.08,2100.39,270,NO
L25,L_L1008_0.47UH,0.47uH,,L1008,1974.8,2304.52,0,NO
L26,CL_L2012_90R,90R,,L2012,2007.39,3051.44,90,NO
L27,CL_L2012_90R,90R,,L2012,1628.69,573.77,180,NO
L28,CL_L2012_90R,90R,,L2012,1633,572,0,YES
L29,CL_L2012_90R,90R,,L2012,1448.83,573.77,180,NO
L30,CL_L2012_90R,90R,,L2012,1343,642,90,YES
LED1,SINGLE LED_LED0603_GREEN,Green,,LED0603,2048.95,1622.26,0,YES
LED2,SINGLE LED_LED0603_GREEN,Green,,LED0603,2048.95,1557.14,0,YES
LED3,SINGLE LED_LED0603_GREEN,Green,,LED0603,2048.95,1494.14,0,YES
LED4,SINGLE LED_LED0603_GREEN,Green,,LED0603,2048.95,1431.14,0,YES
LED5,SINGLE LED_LED0603_GREEN,Green,,LED0603,2048.95,1368.14,0,YES
LED6,SINGLE LED_LED0603_GREEN,Green,,LED0603,2048.95,1306.61,0,YES
MH1,MHOLE_MTGH200C125D_PL_HOLE 3.17,Hole 3.175MM,,MTGH200C125D_PL,-1791.15,3173.73,0,YES
MH2,MHOLE_MTGH200C125D_PL_HOLE 3.17,Hole 3.175MM,,MTGH200C125D_PL,-1785.15,1546.73,0,YES
MH3,MHOLE_MTGH200C125D_PL_HOLE 3.17,Hole 3.175MM,,MTGH200C125D_PL,-1747.1,274.58,0,YES
MH4,MHOLE_PTH_4_45MM_6D5_SMSR3066MT,SMSR3066MTJ,,PTH_4_45MM_6D5,-1657.15,2973.73,0,YES
MH5,MHOLE_PTH_4_45MM_6D5_SMSR3066MT,SMSR3066MTJ,,PTH_4_45MM_6D5,-1657.15,1323.73,0,YES
MH6,MHOLE_PTH_4_45MM_6D5_SMSR3066MT,SMSR3066MTJ,,PTH_4_45MM_6D5,942.85,3098.73,0,YES
MH7,MHOLE_PTH_4_45MM_6D5_SMSR3066MT,SMSR3066MTJ,,PTH_4_45MM_6D5,1142.85,1198.73,0,YES
MH8,MHOLE_PTH_4_2MM_5D8_2E0BC21-A40,2E0BC21-A40TP-7H,,PTH_4_2MM_5D8,1672.36,1860.33,0,YES
MH9,MHOLE_MTGH200C125D_PL_HOLE 3.17,Hole 3.175MM,,MTGH200C125D_PL,1982.26,274.58,0,YES
P8,HEADER 2X23_HEADER2X23P_2D54_SM,Header 2x23 2.54mm,,HEADER2X23P_2D54_SMD_PTH,-357.15,3098.73,0,YES
P9,HEADER 2X25_SPE_HEADER2X25P_2D5,Header 2x25 2.54mm,,HEADER2X25P_2D54_SMD_PTH,-257.15,1198.73,0,YES
Q1,PMOS_123_SOT23_IRLML6402TRPBF,IRLML6402TRPBF,,SOT23,-1466.64,2518.03,180,YES
Q2,NMOS_5P_1S2S3S4G5D_VSON8_0D65_3,CSD17575Q3,,VSON8_0D65_3_3X3_3X1MM,899.98,969.85,90,NO
Q3,NMOS_5P_1S2S3S4G5D_VSON8_0D65_1,CSD17308Q3,,VSON8_0D65_3_3X3_3X1MM,1050.5,968.51,270,NO
Q4,NMOS_123_SOT-323-3_BSS138W,BSS138W,,SOT-323-3,1932.57,3015.47,0,NO
Q5,NMOS_123_SOT-323-3_BSS138W,BSS138W,,SOT-323-3,-1719,506,0,NO
Q6,NMOS_123_SOT-323-3_BSS138W,BSS138W,,SOT-323-3,-1808,506,0,NO
R1,R_R0201_0R,0R,,R0201,1856,1971.5,180,NO
R2,R_R0201_26.1K,26.1K,,R0201,1929,2532,90,YES
R3,R_R0201_21K,21K,,R0201,1901,2532,90,YES
R4,R_R0201_0R,0R,,R0201,1873,2532,90,YES
R5,R_R0201_10K,10K,,R0201,1839,2805.94,270,YES
R6,R_R0402_4.7K,4.7K,,R0402,1797,2522,180,YES
R7,R_R0201_0R,0R,,R0201,1755.81,2555.68,0,YES
R8,R_R0402_1K,1K,,R0402,1750.05,1452.68,0,YES
R9,R_R1206_0R,0R,,R1206,1734.5,274.23,270,YES
R10,R_R0201_10K,10K,,R0201,1727.54,1261.03,90,YES
R11,R_R0201_10K,10K,,R0201,1726.4,1401.68,90,YES
R12,R_R0201_0R,0R,,R0201,1891,638,180,YES
R13,R_R0201_10K,10K,,R0201,1655.31,2546.67,90,YES
R14,R_R0402_4.7K,4.7K,,R0402,1903,602,180,YES
R15,R_R0201_0R,0R,,R0201,1625.18,2547.18,90,YES
R16,R_R0402_20K,20K,,R0402,1593,844,270,YES
R17,R_R0402_4.7K,4.7K,,R0402,1903,552,180,YES
R18,R_R0201_10K,10K,,R0201,1574.19,1443.32,90,YES
R19,R_R0201_10K,10K,,R0201,1569.02,2805.94,90,YES
R20,R_R0201_2.2K,2.2K,,R0201,1547.14,2569.67,180,YES
R21,R_R0201_10K,10K,,R0201,1556.26,857.62,90,YES
R22,R_R0402_4.7K,4.7K,,R0402,1903,512,180,YES
R23,R_R0201_0R,0R,,R0201,1543.81,1442.68,90,YES
R24,R_R0201_10K,10K,,R0201,1541.34,2805.94,90,YES
R25,R_R0402_5.1K,5.1K,,R0402,1785,583,180,NO
R26,R_R0201_0R,0R,,R0201,1529.87,857.62,270,YES
R27,R_R0201_10K,10K,,R0201,1513.4,2805.94,270,YES
R28,R_R0201_10K,10K,,R0201,1485.4,2805.94,270,YES
R29,R_R0406_0R,0R,,R0406,1457,2630,0,YES
R30,R_R0402_5.1K,5.1K,,R0402,1786.45,483.17,180,NO
R31,R_R0406_0R,0R,,R0406,1365,2240,0,YES
R32,R_R0406_0R,0R,,R0406,1346,1061,90,YES
R33,R_R0406_0R,0R,,R0406,1265,1398,270,YES
R34,R_R0406_0R,0R,,R0406,1264.34,2013.28,270,YES
R35,R_R1206_0.005R,0.005R,,R1206,1246,776,270,YES
R36,R_R0201_10K,10K,,R0201,1178.78,2456.5,0,YES
R37,R_R0201_100R,100R,,R0201,1160,3042,270,YES
R38,R_R0201_10K,10K,,R0201,1142.17,1832.25,270,YES
R39,R_R0201_10K,10K,,R0201,1047.17,2184.25,90,YES
R40,R_R0201_10K,10K,,R0201,910.39,2805,270,YES
R41,R_R0201_33R,33R,,R0201,910.39,2742.15,270,YES
R42,R_R0201_240R,240R,,R0201,903.17,1709.25,270,YES
R43,R_R0201_240R,240R,,R0201,858.17,1709.25,270,YES
R44,R_R0201_10K,10K,,R0201,836.17,2384.25,0,YES
R45,R_R0201_2.05K,2.05K,,R0201,800.28,670.24,90,YES
R46,R_R0201_0R,0R,,R0201,725,2415,180,YES
R47,R_R0201_10K,10K,,R0201,704.72,584.76,180,YES
R48,R_R0201_0R,0R,,R0201,663,2471,180,YES
R49,R_R0201_0R,0R,,R0201,663,2414,180,YES
R50,R_R0201_2.2K,2.2K,,R0201,662.17,2596.25,0,YES
R51,R_R0201_2.2K,2.2K,,R0201,662.17,2566.25,0,YES
R52,R_R0201_2.2K,2.2K,,R0201,662.17,2524.25,0,YES
R53,R_R0201_0R,0R,,R0201,662,2498,180,YES
R54,R_R0201_2.2K,2.2K,,R0201,662,2444,0,YES
R55,R_R0201_0R,0R,,R0201,650,2755,270,YES
R56,R_R0201_10K,10K,,R0201,649.07,627.77,270,YES
R57,R_R0201_0R,0R,,R0201,609,1556,90,YES
R58,R_R0201_3.4K,3.4K,,R0201,604.12,2757.13,270,YES
R59,R_R0402_44.2K,44.2K,,R0402,582.37,837.93,90,YES
R60,R_R0201_0R,0R,,R0201,581.89,922.24,0,YES
R61,R_R0201_0R,0R,,R0201,581.89,892.59,0,YES
R62,R_R0201_0R,0R,,R0201,573,1556,90,YES
R63,R_R0201_2.2K,2.2K,,R0201,572.17,2574.25,0,YES
R64,R_R0201_2.2K,2.2K,,R0201,572.17,2542.25,0,YES
R65,R_R0201_10K,10K,,R0201,572.13,2603.31,0,YES
R66,R_R0201_10K,10K,,R0201,540.17,2141.25,270,YES
R67,R_R0201_0R,0R,,R0201,530.69,2591.29,270,YES
R68,R_R0201_10K,10K,,R0201,519,1556,90,YES
R69,R_R0201_0R,0R,,R0201,489,1556,90,YES
R70,R_R0201_10K,10K,,R0201,457,2570,270,YES
R71,R_R0402_9.09K,9.09K,,R0402,457,2499,90,YES
R72,R_R0201_0R,0R,,R0201,455,1556,90,YES
R73,R_R0201_0R,0R,,R0201,427,1556,90,YES
R74,R_R0201_16.5K,16.5K,,R0201,403.34,2749.13,270,YES
R75,R_R0201_2.2K,2.2K,,R0201,387.42,2682.54,0,YES
R76,R_R0201_2.2K,2.2K,,R0201,387.42,2656.54,0,YES
R77,R_R0201_0R,0R,,R0201,375,2510,180,YES
R78,R_R0201_0R,0R,,R0201,375,2465,180,YES
R79,R_R0201_10K,10K,,R0201,374.45,2749.13,270,YES
R80,R_R0402_10R,10R,,R0402,261.83,2583.75,270,YES
R81,R_R0402_499R,499R,,R0402,261.37,2498.25,270,YES
R82,R_R0402_200K,200K,,R0402,2014,467,180,NO
R83,R_R0201_240R,240R,,R0201,193.17,1962.25,135,YES
R84,R_R0201_10K,10K,,R0201,189.4,613.07,0,YES
R85,R_R0402_100K,100K,,R0402,129.78,828.19,0,YES
R86,R_R0402_20K,20K,,R0402,121.9,611.81,180,YES
R87,R_R0201_10K,10K,,R0201,52.17,2241.25,270,YES
R88,R_R0402_3.01K,3.01K,,R0402,3.17,2544.25,180,YES
R89,R_R0402_3.01K,3.01K,,R0402,-26.83,1914.25,180,YES
R90,R_R0402_499R,499R,,R0402,-58.83,2529.25,315,YES
R91,R_R0201_49.9R,49.9R,,R0201,-136.39,2820.25,270,YES
R92,R_R0402_499R,499R,,R0402,-136.83,1899.25,90,YES
R93,R_R0201_0R,0R,,R0201,-143.89,2771.58,270,YES
R94,R_R0402_3.01K,3.01K,,R0402,-151.83,2544.25,180,YES
R95,R_R0201_0R,0R,,R0201,-173.89,2771.58,270,YES
R96,R_R0201_49.9R,49.9R,,R0201,-183.39,2820.25,270,YES
R97,R_R0402_3.01K,3.01K,,R0402,-192.83,2497.25,90,YES
R98,R_R0402_499R,499R,,R0402,-235.83,1931.25,270,YES
R99,R_R0402_499R,499R,,R0402,-279.95,1899.66,135,YES
R100,R_R0402_3.01K,3.01K,,R0402,-373.83,2544.25,0,YES
R101,R_R0201_0R,0R,,R0201,-600.31,2803.29,270,YES
R102,R_R0201_2.2K,2.2K,,R0201,-660,1634.25,90,YES
R103,R_R0201_0R,0R,,R0201,-669,2803,270,YES
R104,R_R0201_0R,0R,,R0201,-686.83,1634.25,90,YES
R105,R_R0201_0R,0R,,R0201,-700,2750,270,YES
R106,R_R0201_10K,10K,,R0201,-715.83,1634.25,270,YES
R107,R_R0201_10K,10K,,R0201,-742.36,1634.25,270,YES
R108,R_R0201_0R,0R,,R0201,-757,2747,0,YES
R109,R_R0201_0R,0R,,R0201,-758,2781,0,YES
R110,R_R0201_10K,10K,,R0201,-758.83,1787.25,0,YES
R111,R_R0201_2.2K,2.2K,,R0201,-759.68,1926.21,180,YES
R112,R_R0201_10K,10K,,R0201,-759.68,1900.31,180,YES
R113,R_R0201_10K,10K,,R0201,-759.68,1871.92,0,YES
R114,R_R0201_10K,10K,,R0201,-759.68,1845.24,0,YES
R115,R_R0201_10K,10K,,R0201,-759.68,1818.65,180,YES
R116,R_R0201_10K,10K,,R0201,-760.58,2035.73,0,YES
R117,R_R0201_10K,10K,,R0201,-760.81,2062.25,0,YES
R118,R_R0201_10K,10K,,R0201,-767.83,2396.36,180,YES
R119,R_R0201_10K,10K,,R0201,-767.83,2369.03,0,YES
R120,R_R0201_10K,10K,,R0201,-771.92,1634.25,90,YES
R121,R_R0201_10K,10K,,R0201,-801.97,1634.25,270,YES
R122,R_R0201_33R,33R,,R0201,-821.16,2137.41,0,YES
R123,R_R0201_10K,10K,,R0201,-821.45,2715.34,0,YES
R124,R_R0201_10K,10K,,R0201,-822.38,2036.08,180,YES
R125,R_R0201_10K,10K,,R0201,-822.87,2063.24,0,YES
R126,R_R0201_10K,10K,,R0201,-831.92,1634.25,90,YES
R127,R_R0201_0R,0R,,R0201,-857.83,1909.25,0,YES
R128,R_R0201_0R,0R,,R0201,-873,2568,0,YES
R129,R_R0201_0R,0R,,R0201,-873,2505,0,YES
R130,R_R0201_0R,0R,,R0201,-874,2609,0,YES
R131,R_R0201_0R,0R,,R0201,-875,2682,0,YES
R132,R_R0201_0R,0R,,R0201,-875,2645,0,YES
R133,R_R0201_10K,10K,,R0201,-875.55,2715.66,180,YES
R134,R_R0201_2.2K,2.2K,,R0201,-889.15,2094.67,180,YES
R135,R_R0201_10K,10K,,R0201,-900.49,2286.17,0,YES
R136,R_R0201_10K,10K,,R0201,-900.96,2314.68,180,YES
R137,R_R0201_10K,10K,,R0201,-930.33,1970.73,180,YES
R138,R_R0201_10K,10K,,R0201,-930.67,1998.27,0,YES
R139,R_R0201_10K,10K,,R0201,-1021.3,2022.34,180,YES
R140,R_R0201_10K,10K,,R0201,-1021.87,2048.24,0,YES
R141,R_R0402_3K,3K,,R0402,-1033.83,1969.25,0,YES
R142,R_R0402_11K,11K,,R0402,-1033.83,1917.25,180,YES
R143,R_R0201_10K,10K,,R0201,-1047.13,1855.76,180,YES
R144,R_R0201_10K,10K,,R0201,-1047.67,1882.27,0,YES
R145,R_R0201_10K,10K,,R0201,-1120.11,2093.5,0,YES
R146,R_R0201_10K,10K,,R0201,-1120.11,2065.5,0,YES
R147,R_R0201_2.2K,2.2K,,R0201,-1168.76,2148.49,0,YES
R148,R_R0201_10K,10K,,R0201,-1168.89,2093.5,180,YES
R149,R_R0201_10K,10K,,R0201,-1168.89,2066.5,180,YES
R150,R_R0201_0R,0R,,R0201,-1194,2335,0,YES
R151,R_R0201_0R,0R,,R0201,-1194,2283,0,YES
R152,R_R0201_10K,10K,,R0201,-1273.41,2663.28,90,YES
R153,R_R0201_10K,10K,,R0201,-1299.77,2663.28,90,YES
R154,R_R0402_11K,11K,,R0402,-1335,1415,180,YES
R155,R_R0201_10K,10K,,R0201,-1429.28,2102.07,0,YES
R156,R_R0201_10K,10K,,R0201,-1429.41,2137.27,0,YES
R157,R_R0402_1K,1K,,R0402,-1464.77,2618.31,180,YES
R158,R_R0201_0R,0R,,R0201,-1102,463,270,NO
R159,R_R0402_4.7K,4.7K,,R0402,-1530.75,2220.54,270,YES
R160,R_R0402_4.7K,4.7K,,R0402,-1570.5,2220.01,90,YES
R161,R_R0201_10K,10K,,R0201,-1578,2089,90,NO
R162,R_R0201_10K,10K,,R0201,-1576.47,1901.74,90,NO
R163,R_R0201_10K,10K,,R0201,-722.36,883.99,90,NO
R164,R_R0402_1.69K,1.69K,,R0402,-793.7,1155.06,90,NO
R165,R_R0402_4.7K,4.7K,,R0402,-1562,1806,180,NO
R166,R_R0402_3.57K,3.57K,,R0402,-831.9,1155.06,270,NO
R167,R_R0402_5.76K,5.76K,,R0402,-1377.8,1764.13,0,NO
R168,R_R0402_2.49K,2.49K,,R0402,-1377.8,1724,180,NO
R169,R_R0201_10K,10K,,R0201,-1372.3,2025.66,180,NO
R170,R_R0402_5.76K,5.76K,,R0402,-1362.31,1825.97,270,NO
R171,R_R0201_10K,10K,,R0201,-1356.83,1929.87,0,NO
R172,R_R0201_0R,0R,,R0201,-1355,1965,180,NO
R173,R_R0201_10K,10K,,R0201,-1323.81,2025.76,0,NO
R174,R_R0201_0R,0R,,R0201,-1321.56,1326.32,270,NO
R175,R_R0402_2.49K,2.49K,,R0402,-1321,1825.97,90,NO
R176,R_R0201_0R,0R,,R0201,-1320.86,2089.89,0,NO
R177,R_R0201_10K,10K,,R0201,-1262.11,2025.5,180,NO
R178,R_R0201_10K,10K,,R0201,-1262.11,1998.5,180,NO
R179,R_R0402_5.76K,5.76K,,R0402,-1259.02,1848.06,180,NO
R180,R_R0402_2.49K,2.49K,,R0402,-1259.02,1807.39,0,NO
R181,R_R0201_2.2K,2.2K,,R0201,-1254.55,1750.94,270,NO
R182,R_R0201_10K,10K,,R0201,-1225,1750.94,270,NO
R183,R_R0402_470R,470R,,R0402,-1218.91,465.73,90,NO
R184,R_R0402_5.76K,5.76K,,R0402,-1182.58,1848.06,0,NO
R185,R_R0402_2.49K,2.49K,,R0402,-1182.58,1807.39,180,NO
R186,R_R0402_470R,470R,,R0402,-1176.9,465.73,90,NO
R187,R_R0201_10K,10K,,R0201,-1169.5,2017.89,270,NO
R188,R_R0201_47K,47K,,R0201,-1148.03,2406.01,180,NO
R189,R_R0201_47K,47K,,R0201,-1148.03,2297.01,180,NO
R190,R_R0201_33R,33R,,R0201,-1148.03,2269.59,180,NO
R191,R_R0402_470R,470R,,R0402,-1135.24,465.73,90,NO
R192,R_R0402_1K,1K,,R0402,-1135,1935,90,NO
R193,R_R0201_10K,10K,,R0201,-1129.89,2029.5,0,NO
R194,R_R0201_0R,0R,,R0201,-1129.55,1998.5,180,NO
R195,R_R0402_2.49K,2.49K,,R0402,-1125.7,1750.94,90,NO
R196,R_R0402_5.76K,5.76K,,R0402,-1107.98,1848.06,180,NO
R197,R_R0402_2.49K,2.49K,,R0402,-1107.98,1807.39,0,NO
R198,R_R0201_33R,33R,,R0201,-1097.98,2405.59,180,NO
R199,R_R0201_2.2K,2.2K,,R0201,-1091.29,1909.31,180,NO
R200,R_R0201_0R,0R,,R0201,-1089.47,1963.31,180,NO
R201,R_R0201_47K,47K,,R0201,-1088,2629.57,180,NO
R202,R_R0201_47K,47K,,R0201,-1088,2591.57,180,NO
R203,R_R0201_47K,47K,,R0201,-1086.91,2550.01,180,NO
R204,R_R0402_5.76K,5.76K,,R0402,-1086.8,1750.94,270,NO
R205,R_R0201_33R,33R,,R0201,-1050.59,1750.94,270,NO
R206,R_R0201_0R,0R,,R0201,-1047,2405,180,NO
R207,R_R0201_33R,33R,,R0201,-1040.98,2629.74,180,NO
R208,R_R0201_33R,33R,,R0201,-1040.98,2591.62,180,NO
R209,R_R0201_2.2K,2.2K,,R0201,-1040,1851,0,NO
R210,R_R0201_2.2K,2.2K,,R0201,-1039.59,1821.5,180,NO
R211,R_R0201_0R,0R,,R0201,-1039.55,1795.5,180,NO
R212,R_R0201_33R,33R,,R0201,-1007.82,1675.86,180,NO
R213,R_R0201_33R,33R,,R0201,-1007.82,1645.86,180,NO
R214,R_R0201_33R,33R,,R0201,-1007.82,1615.47,180,NO
R215,R_R0201_33R,33R,,R0201,-1007.82,1588.68,180,NO
R216,R_R0201_33R,33R,,R0201,-1007.82,1560.86,180,NO
R217,R_R0201_0R,0R,,R0201,-982.83,2029.25,180,NO
R218,R_R0201_10K,10K,,R0201,-978.29,2534.68,180,NO
R219,R_R0201_0R,0R,,R0201,-978.25,2220.94,180,NO
R220,R_R0201_0R,0R,,R0201,-978,2506,180,NO
R221,R_R0201_0R,0R,,R0201,-978,2473,180,NO
R222,R_R0201_0R,0R,,R0201,-977.29,2630.5,180,NO
R223,R_R0201_0R,0R,,R0201,-977.29,2592.31,180,NO
R224,R_R0201_0R,0R,,R0201,-977.29,2563.5,180,NO
R225,R_R0201_33R,33R,,R0201,-947.17,1575.77,270,NO
R226,R_R0201_0R,0R,,R0201,-941.94,2085.25,90,NO
R227,R_R0201_0R,0R,,R0201,-940.25,2247.83,90,NO
R228,R_R0201_10K,10K,,R0201,-1516.01,1742.5,0,YES
R229,R_R0201_10K,10K,,R0201,-1428.01,1958,0,YES
R230,R_R0201_33R,33R,,R0201,-918.94,1575.77,270,NO
R231,R_R0201_10K,10K,,R0201,-906.29,2544.34,0,NO
R232,R_R0201_10K,10K,,R0201,-906.17,2472.97,180,NO
R233,R_R0201_10K,10K,,R0201,-906.17,2443.66,0,NO
R234,R_R0201_0R,0R,,R0201,-905.83,2502.31,180,NO
R235,R_R0201_2.2K,2.2K,,R0201,-905.83,2394.25,0,NO
R236,R_R0201_2.2K,2.2K,,R0201,-905.83,2366.25,0,NO
R237,R_R0201_33R,33R,,R0201,-891.64,1575.77,270,NO
R238,R_R0201_10K,10K,,R0201,-890.53,2132.5,180,NO
R239,R_R0201_0R,0R,,R0201,-890.53,2049.5,180,NO
R240,R_R0201_0R,0R,,R0201,-890.53,2019.5,180,NO
R241,R_R0201_10K,10K,,R0201,-890.47,2104.17,0,NO
R242,R_R0201_0R,0R,,R0201,-890,2077,180,NO
R243,R_R0201_10K,10K,,R0201,-757,884,90,NO
R244,R_R0201_10K,10K,,R0201,487,1309,180,NO
R245,R_R0201_0R,0R,,R0201,-873.55,1821.5,180,NO
R246,R_R0201_10K,10K,,R0201,-872.47,1850,0,NO
R247,R_R0201_10K,10K,,R0201,-871.47,1881,180,NO
R248,R_R0201_33R,33R,,R0201,-862.61,1575.77,270,NO
R249,R_R0201_33R,33R,,R0201,-834.32,1575.77,270,NO
R250,R_R0201_0R,0R,,R0201,-827.29,2325.31,180,NO
R251,R_R0201_0R,0R,,R0201,-827,2594,180,NO
R252,R_R0201_0R,0R,,R0201,-826.55,2545.5,180,NO
R253,R_R0201_0R,0R,,R0201,-826.55,2519,180,NO
R254,R_R0201_0R,0R,,R0201,-826.55,2439.5,180,NO
R255,R_R0201_0R,0R,,R0201,-826.55,2409.5,180,NO
R256,R_R0201_0R,0R,,R0201,-826.55,2379.5,180,NO
R257,R_R0201_0R,0R,,R0201,-826.45,2630.5,180,NO
R258,R_R0201_10K,10K,,R0201,-826.29,2492.32,0,NO
R259,R_R0201_10K,10K,,R0201,-826.29,2466.34,180,NO
R260,R_R0201_0R,0R,,R0201,-822.55,1850.5,180,NO
R261,R_R0201_10K,10K,,R0201,-822.25,1822.17,180,NO
R262,R_R0201_10K,10K,,R0201,-822.11,2171.5,180,NO
R263,R_R0201_10K,10K,,R0201,-822.11,2144.5,180,NO
R264,R_R0201_0R,0R,,R0201,-822.04,2093,180,NO
R265,R_R0201_10K,10K,,R0201,-822.04,2006.5,180,NO
R266,R_R0201_10K,10K,,R0201,-822,2119,180,NO
R267,R_R0201_10K,10K,,R0201,-822,1954,180,NO
R268,R_R0201_10K,10K,,R0201,-822,1928,180,NO
R269,R_R0201_10K,10K,,R0201,-821.96,2062.83,180,NO
R270,R_R0201_10K,10K,,R0201,-821.96,2034.32,0,NO
R271,R_R0201_10K,10K,,R0201,-821.96,1979.5,180,NO
R272,R_R0201_10K,10K,,R0201,-821.96,1880.75,0,NO
R273,R_R0201_10K,10K,,R0201,-821.89,2196.5,0,NO
R274,R_R0201_33R,33R,,R0201,-811.5,2232.75,90,NO
R275,R_R0201_33R,33R,,R0201,-807.06,1575.77,270,NO
R276,R_R0201_10K,10K,,R0201,489.01,1398.64,180,NO
R277,R_R0402_1.87K,1.87K,,R0402,241.29,1226.61,0,NO
R278,R_R0201_0R,0R,,R0201,-734,2750.55,90,NO
R279,R_R0201_0R,0R,,R0201,-703.58,2981.51,0,NO
R280,R_R0201_0R,0R,,R0201,-668.17,2803.55,90,NO
R281,R_R0201_0R,0R,,R0201,-668,2750.45,90,NO
R282,R_R0201_0R,0R,,R0201,-630.5,2803.55,90,NO
R283,R_R0201_0R,0R,,R0201,-630,2750,90,NO
R284,R_R0201_0R,0R,,R0201,-600.5,2803.55,90,NO
R285,R_R0402_4.7K,4.7K,,R0402,-588.5,1440.59,180,NO
R286,R_R0402_4.7K,4.7K,,R0402,-588.5,1403.03,0,NO
R287,R_R0402_4.7K,4.7K,,R0402,-588.5,1304.51,0,NO
R288,R_R0201_0R,0R,,R0201,-658.5,1245.75,90,NO
R289,R_R0201_0R,0R,,R0201,-631.5,1245.75,90,NO
R290,R_R0402_9.53K,9.53K,,R0402,-519.88,936.51,0,NO
R291,R_R0402_4.7K,4.7K,,R0402,-515.33,1440.59,180,NO
R292,R_R0402_4.7K,4.7K,,R0402,-515.33,1402.07,180,NO
R293,R_R0402_4.7K,4.7K,,R0402,-515.33,1352.51,180,NO
R294,R_R0402_4.7K,4.7K,,R0402,-515.33,1304.07,180,NO
R295,R_R0402_1M,1M,,R0402,-496.03,1050.41,90,NO
R296,R_R0402_20K,20K,,R0402,-397.83,1456.03,0,NO
R297,R_R0201_10K,10K,,R0201,-343.49,1456.98,270,NO
R298,R_R0402_100K,100K,,R0402,247,589,90,NO
R299,R_R0402_4.99K,4.99K,,R0402,241.29,1265.67,180,NO
R300,R_R0201_0R,0R,,R0201,267.26,2986.5,0,NO
R301,R_R0201_10K,10K,,R0201,294.25,2536.83,0,NO
R302,R_R0201_0R,0R,,R0201,295,2671.69,0,NO
R303,R_R0201_47K,47K,,R0201,295,2643.93,0,NO
R304,R_R0201_33R,33R,,R0201,295,2615,0,NO
R305,R_R0201_33R,33R,,R0201,295,2585,0,NO
R306,R_R0402_909K,909K,,R0402,1891.39,459.2,90,NO
R307,R_R0402_100K,100K,,R0402,396,647,180,NO
R308,R_R0201_0R,0R,,R0201,402.32,279.84,90,NO
R309,R_R0201_0R,0R,,R0201,432.32,279.84,90,NO
R310,R_R0402_4.7K,4.7K,,R0402,-588.5,1352.35,0,NO
R311,R_R0402_100K,100K,,R0402,469.19,646.79,180,NO
R312,R_R0402_52.3K,52.3K,,R0402,500.94,745.14,90,NO
R313,R_R0201_0R,0R,,R0201,1958.55,462.12,90,NO
R314,R_R0201_10K,10K,,R0201,557.85,825,270,NO
R315,R_R0201_10K,10K,,R0201,641.39,825.08,90,NO
R316,R_R0201_0R,0R,,R0201,653.29,2938.69,0,NO
R317,R_R0201_10K,10K,,R0201,724.96,1175.04,270,NO
R318,R_R0402_10R,10R,,R0402,776,904,270,NO
R319,R_R0201_33R,33R,,R0201,835,2935,0,NO
R320,R_R0201_47K,47K,,R0201,835,2904.5,0,NO
R321,R_R0201_33R,33R,,R0201,1035.39,2928.09,90,NO
R322,R_R0201_47K,47K,,R0201,1062.61,2928.09,90,NO
R323,R_R0201_33R,33R,,R0201,1097.97,2974.26,270,NO
R324,R_R0201_47K,47K,,R0201,1097.97,2928.09,90,NO
R325,R_R0201_33R,33R,,R0201,1132,2974.26,270,NO
R326,R_R0201_47K,47K,,R0201,1132,2928.09,90,NO
R327,R_R0201_33R,33R,,R0201,1178.97,2974.26,270,NO
R328,R_R0201_47K,47K,,R0201,1178.97,2928.09,90,NO
R329,R_R0201_10K,10K,,R0201,1242.81,2170.68,0,NO
R330,R_R0201_2.2K,2.2K,,R0201,1242.81,2142.68,0,NO
R331,R_R0201_10K,10K,,R0201,1252,2660,0,NO
R332,R_R0201_10K,10K,,R0201,1252,2632,0,NO
R333,R_R0201_47K,47K,,R0201,1252.62,2879.17,0,NO
R334,R_R0201_47K,47K,,R0201,1252.62,2845.03,0,NO
R335,R_R0201_47K,47K,,R0201,1252.62,2810.75,0,NO
R336,R_R0201_47K,47K,,R0201,1252.62,2776.29,0,NO
R337,R_R0201_10K,10K,,R0201,1297.18,2532.44,0,NO
R338,R_R0201_0R,0R,,R0201,1300.81,2170.84,180,NO
R339,R_R0201_0R,0R,,R0201,1300.81,2142.68,180,NO
R340,R_R0201_33R,33R,,R0201,1307.85,2879.17,180,NO
R341,R_R0201_33R,33R,,R0201,1307.85,2845.03,180,NO
R342,R_R0201_33R,33R,,R0201,1307.85,2810.75,180,NO
R343,R_R0201_33R,33R,,R0201,1307.85,2776.29,180,NO
R344,R_R0402_8.06K,8.06K,,R0402,1385,1970,90,NO
R345,R_R0201_10K,10K,,R0201,1405,1730,270,NO
R346,R_R0402_100K,100K,,R0402,1465,1970,90,NO
R347,R_R0402_100K,100K,,R0402,1465,1730,180,NO
R348,R_R0402_82.5K,82.5K,,R0402,1506.08,1970,270,NO
R349,R_R0201_0R,0R,,R0201,1546.75,2966.17,90,NO
R350,R_R0402_13K,13K,,R0402,1991,520,0,YES
R351,R_R0201_0R,0R,,R0201,1574,2966.17,90,NO
R352,R_R0402_20K,20K,,R0402,1991,562,0,YES
R353,R_R0402_100K,100K,,R0402,1975,1797,270,YES
R354,R_R0402_20K,20K,,R0402,1991,603,0,YES
R355,R_R0402_11K,11K,,R0402,1991,645,0,YES
R356,R_R0402_100K,100K,,R0402,1864,1793,270,YES
R357,R_R0201_10K,10K,,R0201,1813.88,3095.41,270,NO
R358,R_R0201_10K,10K,,R0201,1868.96,3150.59,90,NO
R359,R_R0201_10K,10K,,R0201,1868.96,3094.41,270,NO
R360,R_R0201_10K,10K,,R0201,1898.96,3150.59,90,NO
R361,R_R0201_47K,47K,,R0201,1898.96,3094.41,270,NO
R362,R_R0201_0R,0R,,R0201,1907.83,1470.22,180,NO
R363,R_R0201_10K,10K,,R0201,1927.96,3150.59,90,NO
R364,R_R0201_10K,10K,,R0201,1927.96,3094.41,270,NO
R365,R_R0402_1K,1K,,R0402,2065.73,1308,0,NO
R366,R_R0201_10K,10K,,R0201,1955.96,3150.59,90,NO
R367,R_R0201_10K,10K,,R0201,1955.96,3094.41,270,NO
R368,R_R0402_1K,1K,,R0402,2065.73,1619.24,0,NO
R369,R_R0402_1K,1K,,R0402,2065.73,1556.32,0,NO
R370,R_R0402_1K,1K,,R0402,2065.73,1496.24,0,NO
R371,R_R0402_1K,1K,,R0402,2065.73,1430.74,0,NO
R372,R_R0402_1K,1K,,R0402,2065.73,1370.15,0,NO
R373,R_R0201_0R,0R,,R0201,2006,1863,90,YES
R374,R_R0201_10K,10K,,R0201,-1642.92,520.5,180,NO
R375,R_R0201_0R,0R,,R0201,2034,1863,90,YES
R376,R_R0201_10K,10K,,R0201,-1642.92,466.5,180,NO
R377,R_R0201_0R,0R,,R0201,-1496,2126,90,YES
R378,R_R0201_0R,0R,,R0201,1923.03,1971.5,0,NO
R379,R_R0201_0R,0R,,R0201,1994.03,1971.5,0,NO
R380,R_R0201_10K,10K,,R0201,1931.5,462.11,90,NO
R381,R_R0201_10K,10K,,R0201,2013.91,592.5,180,NO
R382,R_R0201_10K,10K,,R0201,-1642.92,439.5,180,NO
R383,R_R0201_10K,10K,,R0201,-1642.92,410.5,180,NO
R384,R_R0201_10K,10K,,R0201,-1642.92,547.5,180,NO
R385,R_R0201_10K,10K,,R0201,-1642.92,493.5,180,NO
R386,R_R0201_33R,33R,,R0201,-1240.5,1419.75,270,YES
R387,R_R0201_33R,33R,,R0201,-1163.5,1891.75,270,YES
R388,R_R0201_33R,33R,,R0201,-1312.75,1876.5,0,YES
R389,R_R0201_33R,33R,,R0201,-1357.5,1739.25,90,YES
R390,R_R0201_33R,33R,,R0201,-1342.75,1807.5,0,YES
R391,R_R0201_33R,33R,,R0201,-1575.5,1732.25,90,YES
R392,R_R0201_0R,0R,,R0201,1206.75,761.5,0,NO
R393,R_R0201_0R,0R,,R0201,1207,789,0,NO
R394,R_R0201_10K,10K,,R0201,1957,462,270,YES
R395,R_R0201_0R,0R,,R0201,1507,1452,0,YES
R396,R_R0201_0R,0R,,R0201,1808,2557,0,YES
R397,R_R0201_47K,47K,,R0201,2054,2092,180,YES
R398,R_R0201_47K,47K,,R0201,2054,2149,180,YES
R399,R_R0805_4.7K,4.7K,,R0805,1598,766,90,NO
R400,R_R1206_0R,0R,,R1206,760.55,253.58,270,YES
SW1,TACTILE SWITCH_4P_SW_4P_TACTILE,Tactile Switch,,SW_4P,-1785.59,2735.66,180,YES
SW2,TACTILE SWITCH_4P_SW_4P_TACTILE,Tactile Switch,,SW_4P,-1785.59,2518.24,180,YES
SW3,TACTILE SWITCH_4P_SW_4P_TACTILE,Tactile Switch,,SW_4P,-1785.59,2291.84,180,YES
TP1,TEST POINT_TP30C_SMD_TEST POINT,Test Point,,TP30C_SMD,-1240,1465.25,270,YES
TP2,TEST POINT_TP30C_SMD_TEST POINT,Test Point,,TP30C_SMD,-450,1625,270,YES
TP3,TEST POINT_TP30C_SMD_TEST POINT,Test Point,,TP30C_SMD,-643.29,1814,0,YES
TP4,TEST POINT_TP30C_SMD_TEST POINT,Test Point,,TP30C_SMD,-749.29,1961,0,YES
TP5,TEST POINT_TP30C_SMD_TEST POINT,Test Point,,TP30C_SMD,-1408.66,1678.56,0,NO
TP6,TEST POINT_TP30C_SMD_TEST POINT,Test Point,,TP30C_SMD,-1373.66,1338.56,0,NO
TP7,TEST POINT_TP30C_SMD_TEST POINT,Test Point,,TP30C_SMD,-1329.82,2136.96,270,NO
TP8,TEST POINT_TP30C_SMD_TEST POINT,Test Point,,TP30C_SMD,-771.83,2350.25,0,NO
TP9,TEST POINT_TP30C_SMD_TEST POINT,Test Point,,TP30C_SMD,1210.58,1545.81,270,NO
TP10,TEST POINT_TP30C_SMD_TEST POINT,Test Point,,TP30C_SMD,1294.07,2583.41,270,NO
TP11,TEST POINT_TP30C_SMD_TEST POINT,Test Point,,TP30C_SMD,1880,2805,180,NO
TP12,TEST POINT_TP30C_SMD_TEST POINT,Test Point,,TP30C_SMD,1987,2836,180,NO
TP13,TEST POINT_TP30C_SMD_TEST POINT,Test Point,,TP30C_SMD,1989.68,2019.81,180,NO
TP14,TEST POINT_TP30C_SMD_TEST POINT,Test Point,,TP30C_SMD,1988.8,2189.36,270,NO
TP15,TEST POINT_TP60C_SMD_TEST POINT,Test Point,,TP60C_SMD,-1532,2026.61,270,YES
TP16,TEST POINT_TP60C_SMD_TEST POINT,Test Point,,TP60C_SMD,-1532,1926.61,270,YES
TP17,TEST POINT_TP30C_SMD_TEST POINT,Test Point,,TP30C_SMD,-1182,1936.25,270,YES
TP18,TEST POINT_TP30C_SMD_TEST POINT,Test Point,,TP30C_SMD,-1365,1881.25,270,YES
TP19,TEST POINT_TP30C_SMD_TEST POINT,Test Point,,TP30C_SMD,-1332,1699.25,270,YES
TP20,TEST POINT_TP30C_SMD_TEST POINT,Test Point,,TP30C_SMD,-1392.25,1798,0,YES
TP21,TEST POINT_TP30C_SMD_TEST POINT,Test Point,,TP30C_SMD,-1576,1687.25,270,YES
U1,TPS2121_VQFN12_0D5_2X2_5X1MM_TP,TPS2121RUXR,,VQFN12_0D5_2X2_5X1MM,1601.68,710,0,YES
U2,TXS0104E_QFN14_0D5_3_5X3_5X1MM_,TXS0104ERGYR,,QFN14_0D5_3_5X3_5X1MM,1186.09,2574.84,90,YES
U3,LM5141RGE_VQFN24_0D5_4X4X1MM_LM,LM5141RGER,,VQFN24_0D5_4X4X1MM,723.62,840.44,180,YES
U4,TPS2561_VSON10_0D5_3X3X1MM_TPS2,TPS2561DRCR,,VSON10_0D5_3X3X1MM,157.7,722.06,0,YES
U5,TPS22918DBV_SOT23_6_TPS22918DBV,TPS22918DBVR,,SOT23_6,-1306.13,2359.17,0,YES
U6,SN74LVC1G08DCKR_DCK5_2P15X1P4_S,SN74LVC1G08DCKR,,DCK5_2P15X1P4,-1309,2579,90,YES
U7,MEM_24LC32_SOT23-5_SOT23-5_24FC,24FC04HT-I/OT,,SOT23-5,-1313,2105,90,YES
U8,MAX6817EUT_SOT23_6_MAX6817EUT+T,MAX6817EUT+T,,SOT23_6,-1465,2359,180,YES
U9,TPS74801DRCR_VSON10_0D5_3X3X1MM,TPS74801DRCR,,VSON10_0D5_3X3X1MM,-799.19,1027.67,90,NO
U10,TPS3808G33DBV_SOT23_6_TPS3808G3,TPS3808G33DBVR,,SOT23_6,-1478.49,1900.13,180,NO
U11,SN74LVC1G07DCK_DCK5_2P15X1P4_SN,SN74LVC1G07DCKR,,DCK5_2P15X1P4,-1477.65,2037,270,NO
U12,SN74LVC1G07DCK_DCK5_2P15X1P4_SN,SN74LVC1G07DCKR,,DCK5_2P15X1P4,-1474.5,2140.25,270,NO
U13,TPD4E05U06DQAR_USON10_0D5_2D5X1,TPD4E05U06DQAR,,USON10_0D5_2D5X1X0D5MM,-1348.12,991.03,180,NO
U14,SN74LVC2G74_SO8_0D5_2_3X2X0_9MM,SN74LVC2G74DCUR,,SO8_0D5_2_3X2X0_9MM,-1243.16,1934.66,90,NO
U15,DP83867CRRGZ_QFN48_0D5_7X7MM_DP,DP83867CRRGZR,,QFN48_0D5_7X7MM,-1219.67,1533.79,0,NO
U16,SN74LVC1G08DCKR_DCK5_2P15X1P4_S,SN74LVC1G08DCKR,,DCK5_2P15X1P4,-1213.12,2098.81,90,NO
U17,TPD4E05U06DQAR_USON10_0D5_2D5X1,TPD4E05U06DQAR,,USON10_0D5_2D5X1X0D5MM,-1056.49,991.03,180,NO
U18,TPS74801DRCR_VSON10_0D5_3X3X1MM,TPS74801DRCR,,VSON10_0D5_3X3X1MM,364.33,1299.81,180,NO
U19,TDA4VM_FCBGA827_0D8_24X24X2_8MM,TDA4VM88TGBALFR,,FCBGA827_0D8_24X24X2_8MM,-247.83,2214.25,180,NO
U20,TUSB8041_QFN64_0D5_9X9X1MM_TUSB,TUSB8041RGCR,,QFN64_0D5_9X9X1MM,-217.08,1184.31,90,NO
U21,TUSB322IRWBR_X2QFN12_0D4_1_6X1_,TUSB322IRWBR,,X2QFN12_0D4_1_6X1_6X0_4MM,1912.79,563.44,0,NO
U22,TPS2553DBV_SOT23_6_TPS2553DBVR,TPS2553DBVR,,SOT23_6,600.55,725.62,90,NO
U23,TPS22965DSG_WSON8_0D5_2X2X0_8MM,TPS22965DSGR,,WSON8_0D5_2X2X0_8MM,718.04,1275.12,90,NO
U24,SN74AUP1T17DCKR_SC70_5_SN74LVC1,SN74LVC1G17DCKR,,SC70_5,747.16,2940.18,270,NO
U25,LPDDR4_X32_VFBGA200_BGA200_0D65,Q3222PM1WDGTK-U,,BGA200_0D65_15X10X1MM,865.33,2006.09,90,NO
U26,EMMC_5_1_153-BALL_WFBGA_BGA153_,EMMC16G-TB29-PZ90,,BGA153_P14_P5_11P5X13,924.34,2638.64,270,NO
U27,SN74LVC1G07DCK_DCK5_2P15X1P4_SN,SN74LVC1G07DCKR,,DCK5_2P15X1P4,1273.24,2441.45,0,NO
U28,TPS62813-Q1_VQFNHR9_0D55_3X2X1M,TPS62813QWRWYRQ1,,VQFNHR9_0D55_3X2X1MM,1435,1855,180,NO
U29,TPS65941-Q1_VQFN56_0D5_8X8X0_9M,TPS65941111RWERQ1,,VQFN56_0D5_8X8X0_9MM,1587.29,1297.27,0,NO
U30,TPS65941-Q1_VQFN56_0D5_8X8X0__1,TPS65941213RWERQ1,,VQFN56_0D5_8X8X0_9MM,1668.1,2398.95,0,NO
U31,SN74LVC2G241_U_8_DCU_SN74LVC2G2,SN74LVC2G241DCUR,,U_8_DCU,2001.77,1826.04,0,NO
U32,TXS0108E_VQFN-20_TXB0108RGYR,TXB0108RGYR,,VQFN-20,1767.26,2924.55,180,NO
U33,SN74LVC2G241_U_8_DCU_SN74LVC2G2,SN74LVC2G241DCUR,,U_8_DCU,1886.54,1825.5,0,NO
U34,SN74CBTLV1G125DBVR_SOT23-5_SN74,SN74CBTLV1G125DBVR,,SOT23-5,1698,768,0,NO
X1,XTAL_4P_X4_SMD_2_5X2_0MM_25MHZ,25MHz 18pF,,X4_SMD_2_5X2_0MM,-1222.15,1208.27,180,NO
X2,XTAL_4P_X4_SMD_2_5X2_0MM_19.200,19.2000MHz 8PF,,X4_SMD_2_5X2_0MM,-1024.72,2113.81,90,NO
X3,XTAL_4P_X4_SMD_2_5X2_0MM_22.579,22.5792MHz 8PF,,X4_SMD_2_5X2_0MM,-1022,2304,270,NO
X4,XTAL_4P_X4-SMD-3_2X2_5X1_0MM_24,24MHz 18pF,,X4-SMD-3_2X2_5X1_0MM,-624.83,1048.89,90,NO
X5,XTAL_2P_X2_SMD_3_2X1_5MM_32.768,32.768kHz 12.5pF,,X2_SMD_3_2X1_5MM,2047.34,2698.93,270,NO